station,year,doy,selection_rank_within_station_year,archive_days_available_in_station_year,att_and_at_least_one_mh_available,available_selected_channels,selected_bytes,selection_seed
S12,1969,323,15,43,1,ATT;MH1;MH2;MHZ,917606,lunaseis-independent-background-v0.1
S12,1969,325,6,43,1,ATT;MH1;MH2;MHZ,2265191,lunaseis-independent-background-v0.1
S12,1969,326,27,43,1,ATT;MH1;MH2;MHZ,2261095,lunaseis-independent-background-v0.1
S12,1969,327,29,43,1,ATT;MH1;MH2;MHZ,2252903,lunaseis-independent-background-v0.1
S12,1969,328,10,43,1,ATT;MH1;MH2;MHZ,2252903,lunaseis-independent-background-v0.1
S12,1969,329,20,43,1,ATT;MH1;MH2;MHZ,1888359,lunaseis-independent-background-v0.1
S12,1969,330,22,43,1,ATT;MH1;MH2;MHZ,2068583,lunaseis-independent-background-v0.1
S12,1969,331,31,43,1,ATT;MH1;MH2;MHZ,2252903,lunaseis-independent-background-v0.1
S12,1969,332,17,43,1,ATT;MH1;MH2;MHZ,2252903,lunaseis-independent-background-v0.1
S12,1969,333,3,43,1,ATT;MH1;MH2;MHZ,2252903,lunaseis-independent-background-v0.1
S12,1969,334,5,43,1,ATT;MH1;MH2;MHZ,2252903,lunaseis-independent-background-v0.1
S12,1969,337,7,43,1,ATT;MH1;MH2;MHZ,2265191,lunaseis-independent-background-v0.1
S12,1969,339,16,43,1,ATT;MH1;MH2;MHZ,2252903,lunaseis-independent-background-v0.1
S12,1969,341,1,43,1,ATT;MH1;MH2;MHZ,2252903,lunaseis-independent-background-v0.1
S12,1969,342,19,43,1,ATT;MH1;MH2;MHZ,2252903,lunaseis-independent-background-v0.1
S12,1969,343,26,43,1,ATT;MH1;MH2;MHZ,2252903,lunaseis-independent-background-v0.1
S12,1969,344,9,43,1,ATT;MH1;MH2;MHZ,2252903,lunaseis-independent-background-v0.1
S12,1969,345,30,43,1,ATT;MH1;MH2;MHZ,2252903,lunaseis-independent-background-v0.1
S12,1969,346,25,43,1,ATT;MH1;MH2;MHZ,2252903,lunaseis-independent-background-v0.1
S12,1969,349,8,43,1,ATT;MH1;MH2;MHZ,2252903,lunaseis-independent-background-v0.1
S12,1969,350,21,43,1,ATT;MH1;MH2;MHZ,2252903,lunaseis-independent-background-v0.1
S12,1969,351,12,43,1,ATT;MH1;MH2;MHZ,2252903,lunaseis-independent-background-v0.1
S12,1969,352,13,43,1,ATT;MH1;MH2;MHZ,2261095,lunaseis-independent-background-v0.1
S12,1969,354,32,43,1,ATT;MH1;MH2;MHZ,2256999,lunaseis-independent-background-v0.1
S12,1969,355,14,43,1,ATT;MH1;MH2;MHZ,2252903,lunaseis-independent-background-v0.1
S12,1969,356,18,43,1,ATT;MH1;MH2;MHZ,2252903,lunaseis-independent-background-v0.1
S12,1969,357,23,43,1,ATT;MH1;MH2;MHZ,2252903,lunaseis-independent-background-v0.1
S12,1969,358,4,43,1,ATT;MH1;MH2;MHZ,2252903,lunaseis-independent-background-v0.1
S12,1969,360,24,43,1,ATT;MH1;MH2;MHZ,2252903,lunaseis-independent-background-v0.1
S12,1969,361,28,43,1,ATT;MH1;MH2;MHZ,2252903,lunaseis-independent-background-v0.1
S12,1969,362,11,43,1,ATT;MH1;MH2;MHZ,2252903,lunaseis-independent-background-v0.1
S12,1969,364,2,43,1,ATT;MH1;MH2;MHZ,2252903,lunaseis-independent-background-v0.1
S12,1970,020,19,365,1,ATT;MH1;MH2;MHZ,2252903,lunaseis-independent-background-v0.1
S12,1970,041,27,365,1,ATT;MH1;MH2;MHZ,2252903,lunaseis-independent-background-v0.1
S12,1970,065,2,365,1,ATT;MH1;MH2;MHZ,2252903,lunaseis-independent-background-v0.1
S12,1970,070,18,365,1,ATT;MH1;MH2;MHZ,2093159,lunaseis-independent-background-v0.1
S12,1970,076,16,365,1,ATT;MH1;MH2;MHZ,2256999,lunaseis-independent-background-v0.1
S12,1970,081,4,365,1,ATT;MH1;MH2;MHZ,2265191,lunaseis-independent-background-v0.1
S12,1970,135,11,365,1,ATT;MH1;MH2;MHZ,2252903,lunaseis-independent-background-v0.1
S12,1970,139,14,365,1,ATT;MH1;MH2;MHZ,2252903,lunaseis-independent-background-v0.1
S12,1970,149,6,365,1,ATT;MH1;MH2;MHZ,2261095,lunaseis-independent-background-v0.1
S12,1970,187,28,365,1,ATT;MH1;MH2;MHZ,2252903,lunaseis-independent-background-v0.1
S12,1970,188,8,365,1,ATT;MH1;MH2;MHZ,2252903,lunaseis-independent-background-v0.1
S12,1970,189,13,365,1,ATT;MH1;MH2;MHZ,2252903,lunaseis-independent-background-v0.1
S12,1970,201,1,365,1,ATT;MH1;MH2;MHZ,2252903,lunaseis-independent-background-v0.1
S12,1970,213,30,365,1,ATT;MH1;MH2;MHZ,2252903,lunaseis-independent-background-v0.1
S12,1970,228,9,365,1,ATT;MH1;MH2;MHZ,2252903,lunaseis-independent-background-v0.1
S12,1970,236,23,365,1,ATT;MH1;MH2;MHZ,2252903,lunaseis-independent-background-v0.1
S12,1970,249,3,365,1,ATT;MH1;MH2;MHZ,2252903,lunaseis-independent-background-v0.1
S12,1970,262,31,365,1,ATT;MH1;MH2;MHZ,2252903,lunaseis-independent-background-v0.1
S12,1970,268,26,365,1,ATT;MH1;MH2;MHZ,2265191,lunaseis-independent-background-v0.1
S12,1970,275,21,365,1,ATT;MH1;MH2;MHZ,2252903,lunaseis-independent-background-v0.1
S12,1970,283,24,365,1,ATT;MH1;MH2;MHZ,2265191,lunaseis-independent-background-v0.1
S12,1970,288,25,365,1,ATT;MH1;MH2;MHZ,2252903,lunaseis-independent-background-v0.1
S12,1970,300,5,365,1,ATT;MH1;MH2;MHZ,2252903,lunaseis-independent-background-v0.1
S12,1970,304,32,365,1,ATT;MH1;MH2;MHZ,2252903,lunaseis-independent-background-v0.1
S12,1970,311,17,365,1,ATT;MH1;MH2;MHZ,2252903,lunaseis-independent-background-v0.1
S12,1970,312,29,365,1,ATT;MH1;MH2;MHZ,2256999,lunaseis-independent-background-v0.1
S12,1970,321,12,365,1,ATT;MH1;MH2;MHZ,2252903,lunaseis-independent-background-v0.1
S12,1970,322,15,365,1,ATT;MH1;MH2;MHZ,2252903,lunaseis-independent-background-v0.1
S12,1970,328,10,365,1,ATT;MH1;MH2;MHZ,2252903,lunaseis-independent-background-v0.1
S12,1970,344,7,365,1,ATT;MH1;MH2;MHZ,2252903,lunaseis-independent-background-v0.1
S12,1970,348,20,365,1,ATT;MH1;MH2;MHZ,2252903,lunaseis-independent-background-v0.1
S12,1970,365,22,365,1,ATT;MH1;MH2;MHZ,2252903,lunaseis-independent-background-v0.1
S12,1971,003,26,365,1,ATT;MH1;MH2;MHZ,2256999,lunaseis-independent-background-v0.1
S12,1971,004,19,365,1,ATT;MH1;MH2;MHZ,2252903,lunaseis-independent-background-v0.1
S12,1971,020,6,365,1,ATT;MH1;MH2;MHZ,2252903,lunaseis-independent-background-v0.1
S12,1971,032,4,365,1,ATT;MH1;MH2;MHZ,2265191,lunaseis-independent-background-v0.1
S12,1971,042,2,365,1,ATT;MH1;MH2;MHZ,2252903,lunaseis-independent-background-v0.1
S12,1971,060,30,365,1,ATT;MH1;MH2;MHZ,2252903,lunaseis-independent-background-v0.1
S12,1971,071,21,365,1,ATT;MH1;MH2;MHZ,2252903,lunaseis-independent-background-v0.1
S12,1971,079,10,365,1,ATT;MH1;MH2;MHZ,2252903,lunaseis-independent-background-v0.1
S12,1971,080,8,365,1,ATT;MH1;MH2;MHZ,2265191,lunaseis-independent-background-v0.1
S12,1971,081,23,365,1,ATT;MH1;MH2;MHZ,2256999,lunaseis-independent-background-v0.1
S12,1971,083,11,365,1,ATT;MH1;MH2;MHZ,2252903,lunaseis-independent-background-v0.1
S12,1971,086,14,365,1,ATT;MH1;MH2;MHZ,2252903,lunaseis-independent-background-v0.1
S12,1971,097,16,365,1,ATT;MH1;MH2;MHZ,1634407,lunaseis-independent-background-v0.1
S12,1971,100,13,365,1,ATT;MH1;MH2;MHZ,2252903,lunaseis-independent-background-v0.1
S12,1971,102,24,365,1,ATT;MH1;MH2;MHZ,1998951,lunaseis-independent-background-v0.1
S12,1971,107,27,365,1,ATT;MH1;MH2;MHZ,2261095,lunaseis-independent-background-v0.1
S12,1971,125,18,365,1,ATT;MH1;MH2;MHZ,2252903,lunaseis-independent-background-v0.1
S12,1971,143,25,365,1,ATT;MH1;MH2;MHZ,2265191,lunaseis-independent-background-v0.1
S12,1971,148,32,365,1,ATT;MH1;MH2;MHZ,1863783,lunaseis-independent-background-v0.1
S12,1971,164,1,365,1,ATT;MH1;MH2;MHZ,2252903,lunaseis-independent-background-v0.1
S12,1971,181,20,365,1,ATT;MH1;MH2;MHZ,2252903,lunaseis-independent-background-v0.1
S12,1971,193,15,365,1,ATT;MH1;MH2;MHZ,2252903,lunaseis-independent-background-v0.1
S12,1971,214,31,365,1,ATT;MH1;MH2;MHZ,2256999,lunaseis-independent-background-v0.1
S12,1971,222,3,365,1,ATT;MH1;MH2;MHZ,2252903,lunaseis-independent-background-v0.1
S12,1971,224,17,365,1,ATT;MH1;MH2;MHZ,2252903,lunaseis-independent-background-v0.1
S12,1971,231,29,365,1,ATT;MH1;MH2;MHZ,2252903,lunaseis-independent-background-v0.1
S12,1971,259,9,365,1,ATT;MH1;MH2;MHZ,2252903,lunaseis-independent-background-v0.1
S12,1971,267,5,365,1,ATT;MH1;MH2;MHZ,2252903,lunaseis-independent-background-v0.1
S12,1971,283,22,365,1,ATT;MH1;MH2;MHZ,2252903,lunaseis-independent-background-v0.1
S12,1971,289,28,365,1,ATT;MH1;MH2;MHZ,2252903,lunaseis-independent-background-v0.1
S12,1971,308,12,365,1,ATT;MH1;MH2;MHZ,2252903,lunaseis-independent-background-v0.1
S12,1971,335,7,365,1,ATT;MH1;MH2;MHZ,2252903,lunaseis-independent-background-v0.1
S12,1972,003,1,366,1,ATT;MH1;MH2;MHZ,2252903,lunaseis-independent-background-v0.1
S12,1972,012,26,366,1,ATT;MH1;MH2;MHZ,2252903,lunaseis-independent-background-v0.1
S12,1972,017,6,366,1,ATT;MH1;MH2;MHZ,2252903,lunaseis-independent-background-v0.1
S12,1972,023,11,366,1,ATT;MH1;MH2;MHZ,2252903,lunaseis-independent-background-v0.1
S12,1972,024,8,366,1,ATT;MH1;MH2;MHZ,2252903,lunaseis-independent-background-v0.1
S12,1972,032,14,366,1,ATT;MH1;MH2;MHZ,2252903,lunaseis-independent-background-v0.1
S12,1972,035,5,366,1,ATT;MH1;MH2;MHZ,2252903,lunaseis-independent-background-v0.1
S12,1972,049,3,366,1,ATT;MH1;MH2;MHZ,2252903,lunaseis-independent-background-v0.1
S12,1972,052,13,366,1,ATT;MH1;MH2;MHZ,2252903,lunaseis-independent-background-v0.1
S12,1972,056,20,366,1,ATT;MH1;MH2;MHZ,2252903,lunaseis-independent-background-v0.1
S12,1972,066,16,366,1,ATT;MH1;MH2;MHZ,2252903,lunaseis-independent-background-v0.1
S12,1972,069,15,366,1,ATT;MH1;MH2;MHZ,2261095,lunaseis-independent-background-v0.1
S12,1972,071,28,366,1,ATT;MH1;MH2;MHZ,2252903,lunaseis-independent-background-v0.1
S12,1972,075,21,366,1,ATT;MH1;MH2;MHZ,2252903,lunaseis-independent-background-v0.1
S12,1972,095,30,366,1,ATT;MH1;MH2;MHZ,2252903,lunaseis-independent-background-v0.1
S12,1972,120,19,366,1,ATT;MH1;MH2;MHZ,2252903,lunaseis-independent-background-v0.1
S12,1972,139,27,366,1,ATT;MH1;MH2;MHZ,2252903,lunaseis-independent-background-v0.1
S12,1972,142,4,366,1,ATT;MH1;MH2;MHZ,2252903,lunaseis-independent-background-v0.1
S12,1972,172,22,366,1,ATT;MH1;MH2;MHZ,2252903,lunaseis-independent-background-v0.1
S12,1972,176,24,366,1,ATT;MH1;MH2;MHZ,2252903,lunaseis-independent-background-v0.1
S12,1972,183,2,366,1,ATT;MH1;MH2;MHZ,2252903,lunaseis-independent-background-v0.1
S12,1972,186,17,366,1,ATT;MH1;MH2;MHZ,2252903,lunaseis-independent-background-v0.1
S12,1972,193,31,366,1,ATT;MH1;MH2;MHZ,2252903,lunaseis-independent-background-v0.1
S12,1972,224,23,366,1,ATT;MH1;MH2;MHZ,2252903,lunaseis-independent-background-v0.1
S12,1972,269,10,366,1,ATT;MH1;MH2;MHZ,2252903,lunaseis-independent-background-v0.1
S12,1972,279,9,366,1,ATT;MH1;MH2;MHZ,2252903,lunaseis-independent-background-v0.1
S12,1972,297,25,366,1,ATT;MH1;MH2;MHZ,2252903,lunaseis-independent-background-v0.1
S12,1972,307,18,366,1,ATT;MH1;MH2;MHZ,2252903,lunaseis-independent-background-v0.1
S12,1972,311,7,366,1,ATT;MH1;MH2;MHZ,2252903,lunaseis-independent-background-v0.1
S12,1972,313,32,366,1,ATT;MH1;MH2;MHZ,2252903,lunaseis-independent-background-v0.1
S12,1972,318,12,366,1,ATT;MH1;MH2;MHZ,2252903,lunaseis-independent-background-v0.1
S12,1972,343,29,366,1,ATT;MH1;MH2;MHZ,2252903,lunaseis-independent-background-v0.1
S12,1973,017,31,365,1,ATT;MH1;MH2;MHZ,2252903,lunaseis-independent-background-v0.1
S12,1973,019,23,365,1,ATT;MH1;MH2;MHZ,2252903,lunaseis-independent-background-v0.1
S12,1973,029,32,365,1,ATT;MH1;MH2;MHZ,2252903,lunaseis-independent-background-v0.1
S12,1973,035,30,365,1,ATT;MH1;MH2;MHZ,2252903,lunaseis-independent-background-v0.1
S12,1973,036,16,365,1,ATT;MH1;MH2;MHZ,2252903,lunaseis-independent-background-v0.1
S12,1973,040,3,365,1,ATT;MH1;MH2;MHZ,2252903,lunaseis-independent-background-v0.1
S12,1973,051,2,365,1,ATT;MH1;MH2;MHZ,2252903,lunaseis-independent-background-v0.1
S12,1973,055,6,365,1,ATT;MH1;MH2;MHZ,2252903,lunaseis-independent-background-v0.1
S12,1973,068,14,365,1,ATT;MH1;MH2;MHZ,2252903,lunaseis-independent-background-v0.1
S12,1973,076,20,365,1,ATT;MH1;MH2;MHZ,2252903,lunaseis-independent-background-v0.1
S12,1973,116,21,365,1,ATT;MH1;MH2;MHZ,2252903,lunaseis-independent-background-v0.1
S12,1973,121,19,365,1,ATT;MH1;MH2;MHZ,2252903,lunaseis-independent-background-v0.1
S12,1973,131,15,365,1,ATT;MH1;MH2;MHZ,2252903,lunaseis-independent-background-v0.1
S12,1973,133,18,365,1,ATT;MH1;MH2;MHZ,2252903,lunaseis-independent-background-v0.1
S12,1973,136,24,365,1,ATT;MH1;MH2;MHZ,2252903,lunaseis-independent-background-v0.1
S12,1973,137,8,365,1,ATT;MH1;MH2;MHZ,2252903,lunaseis-independent-background-v0.1
S12,1973,140,4,365,1,ATT;MH1;MH2;MHZ,2252903,lunaseis-independent-background-v0.1
S12,1973,146,27,365,1,ATT;MH1;MH2;MHZ,2252903,lunaseis-independent-background-v0.1
S12,1973,149,25,365,1,ATT;MH1;MH2;MHZ,2252903,lunaseis-independent-background-v0.1
S12,1973,172,28,365,1,ATT;MH1;MH2;MHZ,2252903,lunaseis-independent-background-v0.1
S12,1973,220,13,365,1,ATT;MH1;MH2;MHZ,2252903,lunaseis-independent-background-v0.1
S12,1973,243,29,365,1,ATT;MH1;MH2;MHZ,2252903,lunaseis-independent-background-v0.1
S12,1973,245,10,365,1,ATT;MH1;MH2;MHZ,2252903,lunaseis-independent-background-v0.1
S12,1973,261,9,365,1,ATT;MH1;MH2;MHZ,2252903,lunaseis-independent-background-v0.1
S12,1973,266,7,365,1,ATT;MH1;MH2;MHZ,2252903,lunaseis-independent-background-v0.1
S12,1973,269,12,365,1,ATT;MH1;MH2;MHZ,2252903,lunaseis-independent-background-v0.1
S12,1973,270,26,365,1,ATT;MH1;MH2;MHZ,2265191,lunaseis-independent-background-v0.1
S12,1973,286,11,365,1,ATT;MH1;MH2;MHZ,2265191,lunaseis-independent-background-v0.1
S12,1973,302,22,365,1,ATT;MH1;MH2;MHZ,2252903,lunaseis-independent-background-v0.1
S12,1973,324,5,365,1,ATT;MH1;MH2;MHZ,2252903,lunaseis-independent-background-v0.1
S12,1973,334,17,365,1,ATT;MH1;MH2;MHZ,2252903,lunaseis-independent-background-v0.1
S12,1973,348,1,365,1,ATT;MH1;MH2;MHZ,2252903,lunaseis-independent-background-v0.1
S12,1974,005,23,365,1,ATT;MH1;MH2;MHZ,2265191,lunaseis-independent-background-v0.1
S12,1974,006,25,365,1,ATT;MH1;MH2;MHZ,2252903,lunaseis-independent-background-v0.1
S12,1974,022,26,365,1,ATT;MH1;MH2;MHZ,2252903,lunaseis-independent-background-v0.1
S12,1974,028,10,365,1,ATT;MH1;MH2;MHZ,2252903,lunaseis-independent-background-v0.1
S12,1974,033,30,365,1,ATT;MH1;MH2;MHZ,2252903,lunaseis-independent-background-v0.1
S12,1974,051,32,365,1,ATT;MH1;MH2;MHZ,2252903,lunaseis-independent-background-v0.1
S12,1974,058,8,365,1,ATT;MH1;MH2;MHZ,2252903,lunaseis-independent-background-v0.1
S12,1974,080,16,365,1,ATT;MH1;MH2;MHZ,2252903,lunaseis-independent-background-v0.1
S12,1974,108,24,365,1,ATT;MH1;MH2;MHZ,2252903,lunaseis-independent-background-v0.1
S12,1974,120,15,365,1,ATT;MH1;MH2;MHZ,2252903,lunaseis-independent-background-v0.1
S12,1974,126,2,365,1,ATT;MH1;MH2;MHZ,2252903,lunaseis-independent-background-v0.1
S12,1974,137,19,365,1,ATT;MH1;MH2;MHZ,2252903,lunaseis-independent-background-v0.1
S12,1974,157,14,365,1,ATT;MH1;MH2;MHZ,2252903,lunaseis-independent-background-v0.1
S12,1974,174,27,365,1,ATT;MH1;MH2;MHZ,2252903,lunaseis-independent-background-v0.1
S12,1974,184,7,365,1,ATT;MH1;MH2;MHZ,2252903,lunaseis-independent-background-v0.1
S12,1974,200,28,365,1,ATT;MH1;MH2;MHZ,2252903,lunaseis-independent-background-v0.1
S12,1974,205,29,365,1,ATT;MH1;MH2;MHZ,2252903,lunaseis-independent-background-v0.1
S12,1974,213,21,365,1,ATT;MH1;MH2;MHZ,2252903,lunaseis-independent-background-v0.1
S12,1974,219,6,365,1,ATT;MH1;MH2;MHZ,2265191,lunaseis-independent-background-v0.1
S12,1974,235,17,365,1,ATT;MH1;MH2;MHZ,2220135,lunaseis-independent-background-v0.1
S12,1974,241,18,365,1,ATT;MH1;MH2;MHZ,2252903,lunaseis-independent-background-v0.1
S12,1974,260,13,365,1,ATT;MH1;MH2;MHZ,2252903,lunaseis-independent-background-v0.1
S12,1974,266,4,365,1,ATT;MH1;MH2;MHZ,2252903,lunaseis-independent-background-v0.1
S12,1974,268,11,365,1,ATT;MH1;MH2;MHZ,2252903,lunaseis-independent-background-v0.1
S12,1974,269,20,365,1,ATT;MH1;MH2;MHZ,2252903,lunaseis-independent-background-v0.1
S12,1974,288,3,365,1,ATT;MH1;MH2;MHZ,2252903,lunaseis-independent-background-v0.1
S12,1974,302,22,365,0,,0,lunaseis-independent-background-v0.1
S12,1974,307,5,365,0,,0,lunaseis-independent-background-v0.1
S12,1974,317,12,365,0,,0,lunaseis-independent-background-v0.1
S12,1974,330,9,365,0,,0,lunaseis-independent-background-v0.1
S12,1974,340,31,365,0,,0,lunaseis-independent-background-v0.1
S12,1974,345,1,365,0,,0,lunaseis-independent-background-v0.1
S12,1975,023,30,364,0,,0,lunaseis-independent-background-v0.1
S12,1975,031,12,364,0,,0,lunaseis-independent-background-v0.1
S12,1975,035,28,364,0,,0,lunaseis-independent-background-v0.1
S12,1975,040,15,364,0,,0,lunaseis-independent-background-v0.1
S12,1975,056,2,364,0,,0,lunaseis-independent-background-v0.1
S12,1975,091,20,364,0,,0,lunaseis-independent-background-v0.1
S12,1975,096,9,364,0,,0,lunaseis-independent-background-v0.1
S12,1975,097,16,364,0,,0,lunaseis-independent-background-v0.1
S12,1975,109,29,364,1,ATT;MH1;MH2;MHZ,2252903,lunaseis-independent-background-v0.1
S12,1975,112,22,364,1,ATT;MH1;MH2;MHZ,2252903,lunaseis-independent-background-v0.1
S12,1975,149,1,364,1,ATT;MH1;MH2;MHZ,2252903,lunaseis-independent-background-v0.1
S12,1975,155,21,364,1,ATT;MH1;MH2;MHZ,2252903,lunaseis-independent-background-v0.1
S12,1975,175,27,364,1,ATT;MH1;MH2;MHZ,2252903,lunaseis-independent-background-v0.1
S12,1975,191,14,364,0,,0,lunaseis-independent-background-v0.1
S12,1975,200,17,364,0,,0,lunaseis-independent-background-v0.1
S12,1975,202,32,364,0,,0,lunaseis-independent-background-v0.1
S12,1975,204,8,364,0,,0,lunaseis-independent-background-v0.1
S12,1975,214,3,364,0,,0,lunaseis-independent-background-v0.1
S12,1975,221,25,364,0,,0,lunaseis-independent-background-v0.1
S12,1975,226,10,364,0,,0,lunaseis-independent-background-v0.1
S12,1975,238,5,364,0,,0,lunaseis-independent-background-v0.1
S12,1975,241,4,364,0,,0,lunaseis-independent-background-v0.1
S12,1975,244,6,364,0,,0,lunaseis-independent-background-v0.1
S12,1975,255,31,364,0,,0,lunaseis-independent-background-v0.1
S12,1975,282,11,364,0,,0,lunaseis-independent-background-v0.1
S12,1975,290,18,364,0,,0,lunaseis-independent-background-v0.1
S12,1975,302,26,364,0,,0,lunaseis-independent-background-v0.1
S12,1975,308,13,364,0,,0,lunaseis-independent-background-v0.1
S12,1975,324,24,364,0,,0,lunaseis-independent-background-v0.1
S12,1975,334,7,364,0,,0,lunaseis-independent-background-v0.1
S12,1975,341,19,364,0,,0,lunaseis-independent-background-v0.1
S12,1975,347,23,364,0,,0,lunaseis-independent-background-v0.1
S12,1976,003,9,366,0,,0,lunaseis-independent-background-v0.1
S12,1976,006,11,366,0,,0,lunaseis-independent-background-v0.1
S12,1976,017,10,366,0,,0,lunaseis-independent-background-v0.1
S12,1976,029,20,366,0,,0,lunaseis-independent-background-v0.1
S12,1976,058,23,366,0,,0,lunaseis-independent-background-v0.1
S12,1976,059,7,366,0,,0,lunaseis-independent-background-v0.1
S12,1976,066,16,366,0,,0,lunaseis-independent-background-v0.1
S12,1976,074,4,366,0,,0,lunaseis-independent-background-v0.1
S12,1976,080,14,366,0,,0,lunaseis-independent-background-v0.1
S12,1976,084,5,366,0,,0,lunaseis-independent-background-v0.1
S12,1976,111,3,366,0,,0,lunaseis-independent-background-v0.1
S12,1976,123,32,366,0,,0,lunaseis-independent-background-v0.1
S12,1976,138,27,366,0,,0,lunaseis-independent-background-v0.1
S12,1976,152,26,366,0,,0,lunaseis-independent-background-v0.1
S12,1976,159,17,366,0,,0,lunaseis-independent-background-v0.1
S12,1976,174,6,366,0,,0,lunaseis-independent-background-v0.1
S12,1976,189,8,366,0,,0,lunaseis-independent-background-v0.1
S12,1976,190,2,366,0,,0,lunaseis-independent-background-v0.1
S12,1976,199,13,366,0,,0,lunaseis-independent-background-v0.1
S12,1976,201,12,366,0,,0,lunaseis-independent-background-v0.1
S12,1976,211,19,366,0,,0,lunaseis-independent-background-v0.1
S12,1976,235,28,366,0,,0,lunaseis-independent-background-v0.1
S12,1976,247,24,366,0,,0,lunaseis-independent-background-v0.1
S12,1976,250,21,366,0,,0,lunaseis-independent-background-v0.1
S12,1976,262,15,366,0,,0,lunaseis-independent-background-v0.1
S12,1976,264,31,366,0,,0,lunaseis-independent-background-v0.1
S12,1976,270,29,366,0,,0,lunaseis-independent-background-v0.1
S12,1976,272,22,366,0,,0,lunaseis-independent-background-v0.1
S12,1976,287,18,366,0,,0,lunaseis-independent-background-v0.1
S12,1976,349,1,366,0,,0,lunaseis-independent-background-v0.1
S12,1976,354,30,366,0,,0,lunaseis-independent-background-v0.1
S12,1976,364,25,366,0,,0,lunaseis-independent-background-v0.1
S12,1977,009,4,273,0,,0,lunaseis-independent-background-v0.1
S12,1977,013,5,273,0,,0,lunaseis-independent-background-v0.1
S12,1977,016,16,273,0,,0,lunaseis-independent-background-v0.1
S12,1977,026,22,273,0,,0,lunaseis-independent-background-v0.1
S12,1977,050,12,273,0,,0,lunaseis-independent-background-v0.1
S12,1977,053,21,273,0,,0,lunaseis-independent-background-v0.1
S12,1977,060,30,273,0,,0,lunaseis-independent-background-v0.1
S12,1977,085,24,273,0,,0,lunaseis-independent-background-v0.1
S12,1977,088,27,273,1,ATT;MH1;MH2;MHZ,2252903,lunaseis-independent-background-v0.1
S12,1977,121,31,273,1,ATT;MH1;MH2;MHZ,2252903,lunaseis-independent-background-v0.1
S12,1977,134,6,273,1,ATT;MH1;MH2;MHZ,2252903,lunaseis-independent-background-v0.1
S12,1977,135,29,273,1,ATT;MH1;MH2;MHZ,2252903,lunaseis-independent-background-v0.1
S12,1977,137,8,273,1,ATT;MH1;MH2;MHZ,2252903,lunaseis-independent-background-v0.1
S12,1977,156,23,273,1,ATT;MH1;MH2;MHZ,2252903,lunaseis-independent-background-v0.1
S12,1977,158,25,273,1,ATT;MH1;MH2;MHZ,2252903,lunaseis-independent-background-v0.1
S12,1977,161,20,273,1,ATT;MH1;MH2;MHZ,2146407,lunaseis-independent-background-v0.1
S12,1977,170,7,273,1,ATT;MH1;MH2;MHZ,2256999,lunaseis-independent-background-v0.1
S12,1977,172,14,273,1,ATT;MH1;MH2;MHZ,2252903,lunaseis-independent-background-v0.1
S12,1977,174,32,273,1,ATT;MH1;MH2;MHZ,2252903,lunaseis-independent-background-v0.1
S12,1977,188,11,273,1,ATT;MH1;MH2;MHZ,2252903,lunaseis-independent-background-v0.1
S12,1977,190,26,273,1,ATT;MH1;MH2;MHZ,2252903,lunaseis-independent-background-v0.1
S12,1977,197,15,273,1,ATT;MH1;MH2;MHZ,2252903,lunaseis-independent-background-v0.1
S12,1977,204,2,273,1,ATT;MH1;MH2;MHZ,2252903,lunaseis-independent-background-v0.1
S12,1977,207,1,273,1,ATT;MH1;MH2;MHZ,2252903,lunaseis-independent-background-v0.1
S12,1977,208,19,273,1,ATT;MH1;MH2;MHZ,2252903,lunaseis-independent-background-v0.1
S12,1977,213,28,273,1,ATT;MH1;MH2;MHZ,2252903,lunaseis-independent-background-v0.1
S12,1977,216,3,273,1,ATT;MH1;MH2;MHZ,2252903,lunaseis-independent-background-v0.1
S12,1977,239,13,273,1,ATT;MH1;MH2;MHZ,2252903,lunaseis-independent-background-v0.1
S12,1977,248,9,273,1,ATT;MH1;MH2;MHZ,2068583,lunaseis-independent-background-v0.1
S12,1977,251,10,273,1,ATT;MH1;MH2;MHZ,2265191,lunaseis-independent-background-v0.1
S12,1977,254,18,273,1,ATT;MH1;MH2;MHZ,2252903,lunaseis-independent-background-v0.1
S12,1977,255,17,273,1,ATT;MH1;MH2;MHZ,2252903,lunaseis-independent-background-v0.1
S14,1971,052,12,330,1,ATT;MH1;MH2;MHZ,2252903,lunaseis-independent-background-v0.1
S14,1971,069,24,330,1,ATT;MH1;MH2;MHZ,2252903,lunaseis-independent-background-v0.1
S14,1971,076,31,330,1,ATT;MH1;MH2;MHZ,2252903,lunaseis-independent-background-v0.1
S14,1971,078,20,330,1,ATT;MH1;MH2;MHZ,2261095,lunaseis-independent-background-v0.1
S14,1971,083,23,330,1,ATT;MH1;MH2;MHZ,2252903,lunaseis-independent-background-v0.1
S14,1971,086,9,330,1,ATT;MH1;MH2;MHZ,2252903,lunaseis-independent-background-v0.1
S14,1971,087,13,330,1,ATT;MH1;MH2;MHZ,2252903,lunaseis-independent-background-v0.1
S14,1971,100,30,330,1,ATT;MH1;MH2;MHZ,2252903,lunaseis-independent-background-v0.1
S14,1971,113,16,330,1,ATT;MH1;MH2;MHZ,2252903,lunaseis-independent-background-v0.1
S14,1971,119,14,330,1,ATT;MH1;MH2;MHZ,2252903,lunaseis-independent-background-v0.1
S14,1971,130,22,330,1,ATT;MH1;MH2;MHZ,2252903,lunaseis-independent-background-v0.1
S14,1971,135,8,330,1,ATT;MH1;MH2;MHZ,2252903,lunaseis-independent-background-v0.1
S14,1971,138,7,330,1,ATT;MH1;MH2;MHZ,2277479,lunaseis-independent-background-v0.1
S14,1971,140,19,330,1,ATT;MH1;MH2;MHZ,2252903,lunaseis-independent-background-v0.1
S14,1971,141,25,330,1,ATT;MH1;MH2;MHZ,2252903,lunaseis-independent-background-v0.1
S14,1971,142,17,330,1,ATT;MH1;MH2;MHZ,2252903,lunaseis-independent-background-v0.1
S14,1971,159,3,330,1,ATT;MH1;MH2;MHZ,2252903,lunaseis-independent-background-v0.1
S14,1971,178,2,330,1,ATT;MH1;MH2;MHZ,2273383,lunaseis-independent-background-v0.1
S14,1971,197,18,330,1,ATT;MH1;MH2;MHZ,2269287,lunaseis-independent-background-v0.1
S14,1971,235,1,330,1,ATT;MH1;MH2;MHZ,2252903,lunaseis-independent-background-v0.1
S14,1971,236,6,330,1,ATT;MH1;MH2;MHZ,2265191,lunaseis-independent-background-v0.1
S14,1971,237,27,330,1,ATT;MH1;MH2;MHZ,2273383,lunaseis-independent-background-v0.1
S14,1971,244,21,330,1,ATT;MH1;MH2;MHZ,2297959,lunaseis-independent-background-v0.1
S14,1971,248,26,330,1,ATT;MH1;MH2;MHZ,2252903,lunaseis-independent-background-v0.1
S14,1971,265,15,330,1,ATT;MH1;MH2;MHZ,2252903,lunaseis-independent-background-v0.1
S14,1971,267,4,330,1,ATT;MH1;MH2;MHZ,2252903,lunaseis-independent-background-v0.1
S14,1971,270,32,330,1,ATT;MH1;MH2;MHZ,2252903,lunaseis-independent-background-v0.1
S14,1971,289,11,330,1,ATT;MH1;MH2;MHZ,2252903,lunaseis-independent-background-v0.1
S14,1971,333,5,330,1,ATT;MH1;MH2;MHZ,2273383,lunaseis-independent-background-v0.1
S14,1971,351,29,330,1,ATT;MH1;MH2;MHZ,2252903,lunaseis-independent-background-v0.1
S14,1971,358,10,330,1,ATT;MH1;MH2;MHZ,2256999,lunaseis-independent-background-v0.1
S14,1971,364,28,330,1,ATT;MH1;MH2;MHZ,2265191,lunaseis-independent-background-v0.1
S14,1972,008,23,366,1,ATT;MH1;MH2;MHZ,2375783,lunaseis-independent-background-v0.1
S14,1972,025,11,366,1,ATT;MH1;MH2;MHZ,2281575,lunaseis-independent-background-v0.1
S14,1972,045,16,366,1,ATT;MH1;MH2;MHZ,2252903,lunaseis-independent-background-v0.1
S14,1972,057,14,366,1,ATT;MH1;MH2;MHZ,2261095,lunaseis-independent-background-v0.1
S14,1972,061,2,366,1,ATT;MH1;MH2;MHZ,2252903,lunaseis-independent-background-v0.1
S14,1972,072,7,366,1,ATT;MH1;MH2,1891392,lunaseis-independent-background-v0.1
S14,1972,074,15,366,1,ATT;MH1;MH2,1899584,lunaseis-independent-background-v0.1
S14,1972,097,24,366,1,ATT;MH1;MH2,1907776,lunaseis-independent-background-v0.1
S14,1972,103,17,366,1,ATT;MH1;MH2,1891392,lunaseis-independent-background-v0.1
S14,1972,126,20,366,1,ATT;MH1;MH2,1899584,lunaseis-independent-background-v0.1
S14,1972,143,21,366,1,ATT;MH1;MH2,1911872,lunaseis-independent-background-v0.1
S14,1972,145,4,366,1,ATT;MH1;MH2,1903680,lunaseis-independent-background-v0.1
S14,1972,171,6,366,1,ATT;MH1;MH2,1891392,lunaseis-independent-background-v0.1
S14,1972,174,12,366,1,ATT;MH1;MH2,1903680,lunaseis-independent-background-v0.1
S14,1972,204,8,366,1,ATT;MH1;MH2,1903680,lunaseis-independent-background-v0.1
S14,1972,218,29,366,1,ATT;MH1;MH2,1891392,lunaseis-independent-background-v0.1
S14,1972,223,31,366,1,ATT;MH1;MH2,1891392,lunaseis-independent-background-v0.1
S14,1972,228,32,366,1,ATT;MH1;MH2,1891392,lunaseis-independent-background-v0.1
S14,1972,238,27,366,1,ATT;MH1;MH2,1891392,lunaseis-independent-background-v0.1
S14,1972,241,25,366,1,ATT;MH1;MH2,1891392,lunaseis-independent-background-v0.1
S14,1972,248,18,366,1,ATT;MH1;MH2,1891392,lunaseis-independent-background-v0.1
S14,1972,253,10,366,1,ATT;MH1;MH2,1891392,lunaseis-independent-background-v0.1
S14,1972,256,19,366,1,ATT;MH1;MH2,1891392,lunaseis-independent-background-v0.1
S14,1972,261,3,366,1,ATT;MH1;MH2,1911872,lunaseis-independent-background-v0.1
S14,1972,264,1,366,1,ATT;MH1;MH2,1899584,lunaseis-independent-background-v0.1
S14,1972,287,22,366,1,ATT;MH1;MH2,1891392,lunaseis-independent-background-v0.1
S14,1972,291,5,366,1,ATT;MH1;MH2,1907776,lunaseis-independent-background-v0.1
S14,1972,292,13,366,1,ATT;MH1;MH2,1903680,lunaseis-independent-background-v0.1
S14,1972,300,30,366,1,ATT;MH1;MH2,1891392,lunaseis-independent-background-v0.1
S14,1972,319,26,366,1,ATT;MH1;MH2,1887296,lunaseis-independent-background-v0.1
S14,1972,323,28,366,1,ATT;MH1;MH2,1915968,lunaseis-independent-background-v0.1
S14,1972,365,9,366,1,ATT;MH1;MH2,1850432,lunaseis-independent-background-v0.1
S14,1973,004,20,365,1,ATT;MH1;MH2,1891392,lunaseis-independent-background-v0.1
S14,1973,005,16,365,1,ATT;MH1;MH2,1891392,lunaseis-independent-background-v0.1
S14,1973,022,4,365,1,ATT;MH1;MH2,1895488,lunaseis-independent-background-v0.1
S14,1973,040,5,365,1,ATT;MH1;MH2,1891392,lunaseis-independent-background-v0.1
S14,1973,041,25,365,1,ATT;MH1;MH2,1891392,lunaseis-independent-background-v0.1
S14,1973,065,9,365,1,ATT;MH1;MH2,1899584,lunaseis-independent-background-v0.1
S14,1973,091,32,365,1,ATT;MH1;MH2,1891392,lunaseis-independent-background-v0.1
S14,1973,113,30,365,1,ATT;MH1;MH2,1928256,lunaseis-independent-background-v0.1
S14,1973,126,26,365,1,ATT;MH1;MH2,1891392,lunaseis-independent-background-v0.1
S14,1973,130,2,365,1,ATT;MH1;MH2,1891392,lunaseis-independent-background-v0.1
S14,1973,139,21,365,1,ATT;MH1;MH2,1891392,lunaseis-independent-background-v0.1
S14,1973,141,27,365,1,ATT;MH1;MH2,1911872,lunaseis-independent-background-v0.1
S14,1973,149,24,365,1,ATT;MH1;MH2,1891392,lunaseis-independent-background-v0.1
S14,1973,165,13,365,1,ATT;MH1;MH2,1743936,lunaseis-independent-background-v0.1
S14,1973,167,18,365,1,ATT;MH1;MH2,1895488,lunaseis-independent-background-v0.1
S14,1973,172,31,365,1,ATT;MH1;MH2,1915968,lunaseis-independent-background-v0.1
S14,1973,189,10,365,1,ATT;MH1;MH2,1891392,lunaseis-independent-background-v0.1
S14,1973,198,3,365,1,ATT;MH1;MH2,1891392,lunaseis-independent-background-v0.1
S14,1973,199,15,365,1,ATT;MH1;MH2,1891392,lunaseis-independent-background-v0.1
S14,1973,211,7,365,1,ATT;MH1;MH2,1891392,lunaseis-independent-background-v0.1
S14,1973,226,28,365,1,ATT;MH1;MH2,1891392,lunaseis-independent-background-v0.1
S14,1973,228,11,365,1,ATT;MH1;MH2,1891392,lunaseis-independent-background-v0.1
S14,1973,240,17,365,1,ATT;MH1;MH2,1891392,lunaseis-independent-background-v0.1
S14,1973,271,19,365,1,ATT;MH1;MH2,1899584,lunaseis-independent-background-v0.1
S14,1973,308,8,365,1,ATT;MH1;MH2,1911872,lunaseis-independent-background-v0.1
S14,1973,317,22,365,1,ATT;MH1;MH2,1891392,lunaseis-independent-background-v0.1
S14,1973,319,1,365,1,ATT;MH1;MH2,1895488,lunaseis-independent-background-v0.1
S14,1973,340,23,365,1,ATT;MH1;MH2,1911872,lunaseis-independent-background-v0.1
S14,1973,347,12,365,1,ATT;MH1;MH2,1891392,lunaseis-independent-background-v0.1
S14,1973,351,29,365,1,ATT;MH1;MH2,1907776,lunaseis-independent-background-v0.1
S14,1973,354,6,365,1,ATT;MH1;MH2,1891392,lunaseis-independent-background-v0.1
S14,1973,363,14,365,1,ATT;MH1;MH2,1891392,lunaseis-independent-background-v0.1
S14,1974,002,6,365,1,ATT;MH1;MH2,1911872,lunaseis-independent-background-v0.1
S14,1974,017,13,365,1,ATT;MH1;MH2,1920064,lunaseis-independent-background-v0.1
S14,1974,029,4,365,1,ATT;MH1;MH2,1891392,lunaseis-independent-background-v0.1
S14,1974,032,25,365,1,ATT;MH1;MH2,1915968,lunaseis-independent-background-v0.1
S14,1974,034,10,365,1,ATT;MH1;MH2,1907776,lunaseis-independent-background-v0.1
S14,1974,039,29,365,1,ATT;MH1;MH2,1891392,lunaseis-independent-background-v0.1
S14,1974,049,15,365,1,ATT;MH1;MH2,1891392,lunaseis-independent-background-v0.1
S14,1974,072,5,365,1,ATT;MH1;MH2,1895488,lunaseis-independent-background-v0.1
S14,1974,085,7,365,1,ATT;MH1;MH2,1891392,lunaseis-independent-background-v0.1
S14,1974,106,20,365,1,ATT;MH1;MH2,1899584,lunaseis-independent-background-v0.1
S14,1974,118,26,365,1,ATT;MH1;MH2,1891392,lunaseis-independent-background-v0.1
S14,1974,126,30,365,1,ATT;MH1;MH2,1891392,lunaseis-independent-background-v0.1
S14,1974,128,9,365,1,ATT;MH1;MH2,1891392,lunaseis-independent-background-v0.1
S14,1974,139,14,365,1,ATT;MH1;MH2,1891392,lunaseis-independent-background-v0.1
S14,1974,152,27,365,1,ATT;MH1;MH2,1903680,lunaseis-independent-background-v0.1
S14,1974,162,17,365,1,ATT;MH1;MH2,1899584,lunaseis-independent-background-v0.1
S14,1974,191,28,365,1,ATT;MH1;MH2,1907776,lunaseis-independent-background-v0.1
S14,1974,192,12,365,1,ATT;MH1;MH2,1928256,lunaseis-independent-background-v0.1
S14,1974,203,8,365,1,ATT;MH1;MH2,1891392,lunaseis-independent-background-v0.1
S14,1974,209,3,365,1,ATT;MH1;MH2,1924160,lunaseis-independent-background-v0.1
S14,1974,215,18,365,1,ATT;MH1;MH2,1895488,lunaseis-independent-background-v0.1
S14,1974,216,21,365,1,ATT;MH1;MH2,1891392,lunaseis-independent-background-v0.1
S14,1974,230,32,365,1,ATT;MH1;MH2,1899584,lunaseis-independent-background-v0.1
S14,1974,264,16,365,1,ATT;MH1;MH2,1891392,lunaseis-independent-background-v0.1
S14,1974,284,22,365,1,ATT;MH1;MH2,1891392,lunaseis-independent-background-v0.1
S14,1974,286,31,365,1,ATT;MH1;MH2,1891392,lunaseis-independent-background-v0.1
S14,1974,288,1,365,1,ATT;MH1;MH2,1891392,lunaseis-independent-background-v0.1
S14,1974,302,19,365,1,ATT;MH1;MH2,1899584,lunaseis-independent-background-v0.1
S14,1974,304,11,365,1,ATT;MH1;MH2,1891392,lunaseis-independent-background-v0.1
S14,1974,310,24,365,1,ATT;MH1;MH2,1915968,lunaseis-independent-background-v0.1
S14,1974,347,2,365,1,ATT;MH1;MH2,1891392,lunaseis-independent-background-v0.1
S14,1974,355,23,365,1,ATT;MH1;MH2,1891392,lunaseis-independent-background-v0.1
S14,1975,018,18,361,1,ATT;MH1;MH2,1891392,lunaseis-independent-background-v0.1
S14,1975,019,8,361,1,ATT;MH1;MH2,1891392,lunaseis-independent-background-v0.1
S14,1975,025,29,361,1,ATT;MH1;MH2,1772608,lunaseis-independent-background-v0.1
S14,1975,046,10,361,1,ATT;MH1;MH2,1612864,lunaseis-independent-background-v0.1
S14,1975,056,25,361,1,ATT;MH1;MH2,1895488,lunaseis-independent-background-v0.1
S14,1975,065,9,361,1,ATT;MH1;MH2,1961024,lunaseis-independent-background-v0.1
S14,1975,068,2,361,1,ATT;MH1;MH2,1924160,lunaseis-independent-background-v0.1
S14,1975,071,24,361,1,ATT;MH1;MH2,1899584,lunaseis-independent-background-v0.1
S14,1975,086,13,361,1,ATT;MH1;MH2,1895488,lunaseis-independent-background-v0.1
S14,1975,108,15,361,1,ATT;MH1;MH2,1891392,lunaseis-independent-background-v0.1
S14,1975,113,30,361,1,ATT;MH1;MH2,1903680,lunaseis-independent-background-v0.1
S14,1975,139,28,361,1,ATT;MH1;MH2,1903680,lunaseis-independent-background-v0.1
S14,1975,170,4,361,1,ATT;MH1;MH2,1936448,lunaseis-independent-background-v0.1
S14,1975,175,20,361,1,ATT;MH1;MH2,1891392,lunaseis-independent-background-v0.1
S14,1975,182,22,361,1,ATT;MH1;MH2,1952832,lunaseis-independent-background-v0.1
S14,1975,184,1,361,1,ATT;MH1;MH2,1895488,lunaseis-independent-background-v0.1
S14,1975,197,16,361,1,ATT;MH1;MH2,1891392,lunaseis-independent-background-v0.1
S14,1975,203,26,361,1,ATT;MH1;MH2,1903680,lunaseis-independent-background-v0.1
S14,1975,223,7,361,1,ATT;MH1;MH2,1891392,lunaseis-independent-background-v0.1
S14,1975,237,11,361,1,ATT;MH1;MH2,1891392,lunaseis-independent-background-v0.1
S14,1975,250,5,361,1,ATT;MH1;MH2,1895488,lunaseis-independent-background-v0.1
S14,1975,255,31,361,1,ATT;MH1;MH2,1891392,lunaseis-independent-background-v0.1
S14,1975,264,14,361,1,ATT;MH1;MH2,1891392,lunaseis-independent-background-v0.1
S14,1975,267,23,361,1,ATT;MH1;MH2,1895488,lunaseis-independent-background-v0.1
S14,1975,270,32,361,1,ATT;MH1;MH2,1920064,lunaseis-independent-background-v0.1
S14,1975,272,6,361,1,ATT;MH1;MH2,1915968,lunaseis-independent-background-v0.1
S14,1975,283,27,361,1,ATT;MH1;MH2,1891392,lunaseis-independent-background-v0.1
S14,1975,313,12,361,1,ATT;MH1;MH2,1891392,lunaseis-independent-background-v0.1
S14,1975,323,3,361,1,ATT;MH1;MH2,1895488,lunaseis-independent-background-v0.1
S14,1975,333,19,361,1,ATT;MH1;MH2,1899584,lunaseis-independent-background-v0.1
S14,1975,335,21,361,1,ATT;MH1;MH2,1907776,lunaseis-independent-background-v0.1
S14,1975,341,17,361,1,ATT;MH1;MH2,1899584,lunaseis-independent-background-v0.1
S14,1976,003,29,237,1,ATT;MH1;MH2,1895488,lunaseis-independent-background-v0.1
S14,1976,016,9,237,1,ATT;MH1;MH2,1903680,lunaseis-independent-background-v0.1
S14,1976,052,16,237,1,ATT;MH1;MH2,1903680,lunaseis-independent-background-v0.1
S14,1976,053,27,237,1,ATT;MH1;MH2,2001984,lunaseis-independent-background-v0.1
S14,1976,058,32,237,1,ATT;MH1;MH2,1891392,lunaseis-independent-background-v0.1
S14,1976,071,10,237,1,ATT;MH1;MH2,1940544,lunaseis-independent-background-v0.1
S14,1976,141,8,237,1,ATT;MH1;MH2,248893,lunaseis-independent-background-v0.1
S14,1976,148,18,237,1,ATT;MH1;MH2,1432640,lunaseis-independent-background-v0.1
S14,1976,162,28,237,0,,0,lunaseis-independent-background-v0.1
S14,1976,164,3,237,0,,0,lunaseis-independent-background-v0.1
S14,1976,171,30,237,0,,0,lunaseis-independent-background-v0.1
S14,1976,184,5,237,0,,0,lunaseis-independent-background-v0.1
S14,1976,189,14,237,0,,0,lunaseis-independent-background-v0.1
S14,1976,193,13,237,0,,0,lunaseis-independent-background-v0.1
S14,1976,199,2,237,0,,0,lunaseis-independent-background-v0.1
S14,1976,200,7,237,0,,0,lunaseis-independent-background-v0.1
S14,1976,203,21,237,0,,0,lunaseis-independent-background-v0.1
S14,1976,212,19,237,0,,0,lunaseis-independent-background-v0.1
S14,1976,215,23,237,0,,0,lunaseis-independent-background-v0.1
S14,1976,232,25,237,0,,0,lunaseis-independent-background-v0.1
S14,1976,269,20,237,0,,0,lunaseis-independent-background-v0.1
S14,1976,275,17,237,0,,0,lunaseis-independent-background-v0.1
S14,1976,321,15,237,0,,0,lunaseis-independent-background-v0.1
S14,1976,331,6,237,1,ATT;MH1;MH2;MHZ,2261095,lunaseis-independent-background-v0.1
S14,1976,334,22,237,1,ATT;MH1;MH2;MHZ,2302055,lunaseis-independent-background-v0.1
S14,1976,339,24,237,1,ATT;MH1;MH2;MHZ,2261095,lunaseis-independent-background-v0.1
S14,1976,341,4,237,1,ATT;MH1;MH2;MHZ,2261095,lunaseis-independent-background-v0.1
S14,1976,348,1,237,1,ATT;MH1;MH2;MHZ,2293863,lunaseis-independent-background-v0.1
S14,1976,349,31,237,1,ATT;MH1;MH2;MHZ,2289767,lunaseis-independent-background-v0.1
S14,1976,353,11,237,1,ATT;MH1;MH2;MHZ,2252903,lunaseis-independent-background-v0.1
S14,1976,359,26,237,1,ATT;MH1;MH2;MHZ,2252903,lunaseis-independent-background-v0.1
S14,1976,364,12,237,1,ATT;MH1;MH2;MHZ,2252903,lunaseis-independent-background-v0.1
S14,1977,026,16,269,1,ATT;MH1;MH2;MHZ,2252903,lunaseis-independent-background-v0.1
S14,1977,035,29,269,1,ATT;MH1;MH2;MHZ,2252903,lunaseis-independent-background-v0.1
S14,1977,041,8,269,1,ATT;MH1;MH2;MHZ,2224231,lunaseis-independent-background-v0.1
S14,1977,045,14,269,1,ATT;MH1;MH2;MHZ,2252903,lunaseis-independent-background-v0.1
S14,1977,046,15,269,1,ATT;MH1;MH2;MHZ,2252903,lunaseis-independent-background-v0.1
S14,1977,047,3,269,1,ATT;MH1;MH2;MHZ,2265191,lunaseis-independent-background-v0.1
S14,1977,071,24,269,1,ATT;MH1;MH2;MHZ,2293863,lunaseis-independent-background-v0.1
S14,1977,072,10,269,1,ATT;MH1;MH2;MHZ,2302055,lunaseis-independent-background-v0.1
S14,1977,090,17,269,1,ATT;MH1;MH2;MHZ,2306151,lunaseis-independent-background-v0.1
S14,1977,091,28,269,1,ATT;MH1;MH2;MHZ,2273383,lunaseis-independent-background-v0.1
S14,1977,102,11,269,1,ATT;MH1;MH2;MHZ,2302055,lunaseis-independent-background-v0.1
S14,1977,125,25,269,1,ATT;MH1;MH2;MHZ,2252903,lunaseis-independent-background-v0.1
S14,1977,133,4,269,1,ATT;MH1;MH2;MHZ,2252903,lunaseis-independent-background-v0.1
S14,1977,138,31,269,1,ATT;MH1;MH2;MHZ,2252903,lunaseis-independent-background-v0.1
S14,1977,139,6,269,1,ATT;MH1;MH2;MHZ,2265191,lunaseis-independent-background-v0.1
S14,1977,147,9,269,1,ATT;MH1;MH2;MHZ,2297959,lunaseis-independent-background-v0.1
S14,1977,158,1,269,1,ATT;MH1;MH2;MHZ,2269287,lunaseis-independent-background-v0.1
S14,1977,164,5,269,1,ATT;MH1;MH2;MHZ,2252903,lunaseis-independent-background-v0.1
S14,1977,166,23,269,1,ATT;MH1;MH2;MHZ,2252903,lunaseis-independent-background-v0.1
S14,1977,178,30,269,1,ATT;MH1;MH2;MHZ,2297959,lunaseis-independent-background-v0.1
S14,1977,180,27,269,1,ATT;MH1;MH2;MHZ,2265191,lunaseis-independent-background-v0.1
S14,1977,188,12,269,1,ATT;MH1;MH2;MHZ,2269287,lunaseis-independent-background-v0.1
S14,1977,201,13,269,1,ATT;MH1;MH2;MHZ,2093159,lunaseis-independent-background-v0.1
S14,1977,203,22,269,1,ATT;MH1;MH2;MHZ,2252903,lunaseis-independent-background-v0.1
S14,1977,204,26,269,1,ATT;MH1;MH2;MHZ,2252903,lunaseis-independent-background-v0.1
S14,1977,208,20,269,1,ATT;MH1;MH2;MHZ,2297959,lunaseis-independent-background-v0.1
S14,1977,209,18,269,1,ATT;MH1;MH2;MHZ,2269287,lunaseis-independent-background-v0.1
S14,1977,211,19,269,1,ATT;MH1;MH2;MHZ,1937511,lunaseis-independent-background-v0.1
S14,1977,228,7,269,1,ATT;MH1;MH2;MHZ,2252903,lunaseis-independent-background-v0.1
S14,1977,255,32,269,1,ATT;MH1;MH2;MHZ,2252903,lunaseis-independent-background-v0.1
S14,1977,262,2,269,1,ATT;MH1;MH2;MHZ,2265191,lunaseis-independent-background-v0.1
S14,1977,267,21,269,1,ATT;MH1;MH2;MHZ,2285671,lunaseis-independent-background-v0.1
S15,1971,213,3,154,1,ATT;MH1;MH2;MHZ,2355303,lunaseis-independent-background-v0.1
S15,1971,221,1,154,1,ATT;MH1;MH2;MHZ,2252903,lunaseis-independent-background-v0.1
S15,1971,227,9,154,1,ATT;MH1;MH2;MHZ,2252903,lunaseis-independent-background-v0.1
S15,1971,233,12,154,1,ATT;MH1;MH2;MHZ,2252903,lunaseis-independent-background-v0.1
S15,1971,234,8,154,1,ATT;MH1;MH2;MHZ,2252903,lunaseis-independent-background-v0.1
S15,1971,238,16,154,1,ATT;MH1;MH2;MHZ,2252903,lunaseis-independent-background-v0.1
S15,1971,244,4,154,1,ATT;MH1;MH2;MHZ,2252903,lunaseis-independent-background-v0.1
S15,1971,249,7,154,1,ATT;MH1;MH2;MHZ,2265191,lunaseis-independent-background-v0.1
S15,1971,251,18,154,1,ATT;MH1;MH2;MHZ,2252903,lunaseis-independent-background-v0.1
S15,1971,252,23,154,1,ATT;MH1;MH2;MHZ,2273383,lunaseis-independent-background-v0.1
S15,1971,254,29,154,1,ATT;MH1;MH2;MHZ,2261095,lunaseis-independent-background-v0.1
S15,1971,258,21,154,1,ATT;MH1;MH2;MHZ,2252903,lunaseis-independent-background-v0.1
S15,1971,259,2,154,1,ATT;MH1;MH2;MHZ,2252903,lunaseis-independent-background-v0.1
S15,1971,261,27,154,1,ATT;MH1;MH2;MHZ,2252903,lunaseis-independent-background-v0.1
S15,1971,263,15,154,1,ATT;MH1;MH2;MHZ,2252903,lunaseis-independent-background-v0.1
S15,1971,265,28,154,1,ATT;MH1;MH2;MHZ,2596967,lunaseis-independent-background-v0.1
S15,1971,270,32,154,1,ATT;MH1;MH2;MHZ,2261095,lunaseis-independent-background-v0.1
S15,1971,276,11,154,1,ATT;MH1;MH2;MHZ,2252903,lunaseis-independent-background-v0.1
S15,1971,281,19,154,1,ATT;MH1;MH2;MHZ,2261095,lunaseis-independent-background-v0.1
S15,1971,289,26,154,1,ATT;MH1;MH2;MHZ,2252903,lunaseis-independent-background-v0.1
S15,1971,290,20,154,1,ATT;MH1;MH2;MHZ,2252903,lunaseis-independent-background-v0.1
S15,1971,292,30,154,1,ATT;MH1;MH2;MHZ,2252903,lunaseis-independent-background-v0.1
S15,1971,293,5,154,1,ATT;MH1;MH2;MHZ,2256999,lunaseis-independent-background-v0.1
S15,1971,297,24,154,1,ATT;MH1;MH2;MHZ,2117735,lunaseis-independent-background-v0.1
S15,1971,299,31,154,0,,0,lunaseis-independent-background-v0.1
S15,1971,305,14,154,0,,0,lunaseis-independent-background-v0.1
S15,1971,316,17,154,1,ATT;MH1;MH2;MHZ,2252903,lunaseis-independent-background-v0.1
S15,1971,328,25,154,1,ATT;MH1;MH2;MHZ,2252903,lunaseis-independent-background-v0.1
S15,1971,338,22,154,1,ATT;MH1;MH2;MHZ,2252903,lunaseis-independent-background-v0.1
S15,1971,339,13,154,1,ATT;MH1;MH2;MHZ,2252903,lunaseis-independent-background-v0.1
S15,1971,342,10,154,1,ATT;MH1;MH2;MHZ,2261095,lunaseis-independent-background-v0.1
S15,1971,343,6,154,1,ATT;MH1;MH2;MHZ,2261095,lunaseis-independent-background-v0.1
S15,1972,002,26,366,1,ATT;MH1;MH2;MHZ,2252903,lunaseis-independent-background-v0.1
S15,1972,020,11,366,1,ATT;MH1;MH2;MHZ,2252903,lunaseis-independent-background-v0.1
S15,1972,023,30,366,1,ATT;MH1;MH2;MHZ,2261095,lunaseis-independent-background-v0.1
S15,1972,040,17,366,1,ATT;MH1;MH2;MHZ,2252903,lunaseis-independent-background-v0.1
S15,1972,054,20,366,1,ATT;MH1;MH2;MHZ,2261095,lunaseis-independent-background-v0.1
S15,1972,057,22,366,1,ATT;MH1;MH2;MHZ,2252903,lunaseis-independent-background-v0.1
S15,1972,066,12,366,1,ATT;MH1;MH2;MHZ,2261095,lunaseis-independent-background-v0.1
S15,1972,073,28,366,1,ATT;MH1;MH2;MHZ,2252903,lunaseis-independent-background-v0.1
S15,1972,080,4,366,1,ATT;MH1;MH2;MHZ,2252903,lunaseis-independent-background-v0.1
S15,1972,166,32,366,1,ATT;MH1;MH2;MHZ,2252903,lunaseis-independent-background-v0.1
S15,1972,174,16,366,1,ATT;MH1;MH2;MHZ,2256999,lunaseis-independent-background-v0.1
S15,1972,180,23,366,1,ATT;MH1;MH2;MHZ,2252903,lunaseis-independent-background-v0.1
S15,1972,189,13,366,1,ATT;MH1;MH2;MHZ,2252903,lunaseis-independent-background-v0.1
S15,1972,198,29,366,1,ATT;MH1;MH2;MHZ,2252903,lunaseis-independent-background-v0.1
S15,1972,199,10,366,1,ATT;MH1;MH2;MHZ,2269287,lunaseis-independent-background-v0.1
S15,1972,204,7,366,1,ATT;MH1;MH2;MHZ,2261095,lunaseis-independent-background-v0.1
S15,1972,208,1,366,1,ATT;MH1;MH2;MHZ,2269287,lunaseis-independent-background-v0.1
S15,1972,216,9,366,1,ATT;MH1;MH2;MHZ,2179175,lunaseis-independent-background-v0.1
S15,1972,222,5,366,1,ATT;MH1;MH2;MHZ,2252903,lunaseis-independent-background-v0.1
S15,1972,227,25,366,1,ATT;MH1;MH2;MHZ,2252903,lunaseis-independent-background-v0.1
S15,1972,233,19,366,1,ATT;MH1;MH2;MHZ,2261095,lunaseis-independent-background-v0.1
S15,1972,251,8,366,1,ATT;MH1;MH2;MHZ,2252903,lunaseis-independent-background-v0.1
S15,1972,263,24,366,1,ATT;MH1;MH2;MHZ,2220135,lunaseis-independent-background-v0.1
S15,1972,268,14,366,1,ATT;MH1;MH2;MHZ,2252903,lunaseis-independent-background-v0.1
S15,1972,274,15,366,1,ATT;MH1;MH2;MHZ,2261095,lunaseis-independent-background-v0.1
S15,1972,279,18,366,1,ATT;MH1;MH2;MHZ,2252903,lunaseis-independent-background-v0.1
S15,1972,288,27,366,1,ATT;MH1;MH2;MHZ,2261095,lunaseis-independent-background-v0.1
S15,1972,289,21,366,1,ATT;MH1;MH2;MHZ,2273383,lunaseis-independent-background-v0.1
S15,1972,306,6,366,1,ATT;MH1;MH2;MHZ,2252903,lunaseis-independent-background-v0.1
S15,1972,343,2,366,1,ATT;MH1;MH2;MHZ,2252903,lunaseis-independent-background-v0.1
S15,1972,348,3,366,1,ATT;MH1;MH2;MHZ,2273383,lunaseis-independent-background-v0.1
S15,1972,360,31,366,1,ATT;MH1;MH2;MHZ,2261095,lunaseis-independent-background-v0.1
S15,1973,001,22,365,1,ATT;MH1;MH2;MHZ,2252903,lunaseis-independent-background-v0.1
S15,1973,023,2,365,1,ATT;MH1;MH2;MHZ,2256999,lunaseis-independent-background-v0.1
S15,1973,036,24,365,1,ATT;MH1;MH2;MHZ,2252903,lunaseis-independent-background-v0.1
S15,1973,052,16,365,1,ATT;MH1;MH2;MHZ,2252903,lunaseis-independent-background-v0.1
S15,1973,055,19,365,1,ATT;MH1;MH2;MHZ,2269287,lunaseis-independent-background-v0.1
S15,1973,057,17,365,1,ATT;MH1;MH2;MHZ,2252903,lunaseis-independent-background-v0.1
S15,1973,066,14,365,1,ATT;MH1;MH2;MHZ,2252903,lunaseis-independent-background-v0.1
S15,1973,067,29,365,1,ATT;MH1;MH2;MHZ,2252903,lunaseis-independent-background-v0.1
S15,1973,078,9,365,1,ATT;MH1;MH2;MHZ,2252903,lunaseis-independent-background-v0.1
S15,1973,102,4,365,1,ATT;MH1;MH2;MHZ,2261095,lunaseis-independent-background-v0.1
S15,1973,117,1,365,1,ATT;MH1;MH2;MHZ,2252903,lunaseis-independent-background-v0.1
S15,1973,131,5,365,1,ATT;MH1;MH2;MHZ,2273383,lunaseis-independent-background-v0.1
S15,1973,135,11,365,1,ATT;MH1;MH2;MHZ,2252903,lunaseis-independent-background-v0.1
S15,1973,137,3,365,1,ATT;MH1;MH2;MHZ,2166887,lunaseis-independent-background-v0.1
S15,1973,185,7,365,1,ATT;MH1;MH2;MHZ,2256999,lunaseis-independent-background-v0.1
S15,1973,187,12,365,1,ATT;MH1;MH2;MHZ,2252903,lunaseis-independent-background-v0.1
S15,1973,191,13,365,1,ATT;MH1;MH2;MHZ,2261095,lunaseis-independent-background-v0.1
S15,1973,199,20,365,1,ATT;MH1;MH2;MHZ,2252903,lunaseis-independent-background-v0.1
S15,1973,206,28,365,1,ATT;MH1;MH2;MHZ,2252903,lunaseis-independent-background-v0.1
S15,1973,232,21,365,1,ATT;MH1;MH2;MHZ,2269287,lunaseis-independent-background-v0.1
S15,1973,256,31,365,1,ATT;MH1;MH2;MHZ,2252903,lunaseis-independent-background-v0.1
S15,1973,258,25,365,1,ATT;MH1;MH2;MHZ,2252903,lunaseis-independent-background-v0.1
S15,1973,265,32,365,1,ATT;MH1;MH2;MHZ,2252903,lunaseis-independent-background-v0.1
S15,1973,301,6,365,1,ATT;MH1;MH2;MHZ,2252903,lunaseis-independent-background-v0.1
S15,1973,304,23,365,1,ATT;MH1;MH2;MHZ,2252903,lunaseis-independent-background-v0.1
S15,1973,344,8,365,1,ATT;MH1;MH2;MHZ,2273383,lunaseis-independent-background-v0.1
S15,1973,345,15,365,1,ATT;MH1;MH2;MHZ,2252903,lunaseis-independent-background-v0.1
S15,1973,349,18,365,1,ATT;MH1;MH2;MHZ,2277479,lunaseis-independent-background-v0.1
S15,1973,353,10,365,1,ATT;MH1;MH2;MHZ,2252903,lunaseis-independent-background-v0.1
S15,1973,355,27,365,1,ATT;MH1;MH2;MHZ,2252903,lunaseis-independent-background-v0.1
S15,1973,357,26,365,1,ATT;MH1;MH2;MHZ,2256999,lunaseis-independent-background-v0.1
S15,1973,358,30,365,1,ATT;MH1;MH2;MHZ,2265191,lunaseis-independent-background-v0.1
S15,1974,016,30,365,1,ATT;MH1;MH2;MHZ,2252903,lunaseis-independent-background-v0.1
S15,1974,019,17,365,1,ATT;MH1;MH2;MHZ,2252903,lunaseis-independent-background-v0.1
S15,1974,026,21,365,1,ATT;MH1;MH2;MHZ,2252903,lunaseis-independent-background-v0.1
S15,1974,031,27,365,1,ATT;MH1;MH2;MHZ,2277479,lunaseis-independent-background-v0.1
S15,1974,063,16,365,1,ATT;MH1;MH2;MHZ,2261095,lunaseis-independent-background-v0.1
S15,1974,072,11,365,1,ATT;MH1;MH2;MHZ,2265191,lunaseis-independent-background-v0.1
S15,1974,092,12,365,1,ATT;MH1;MH2;MHZ,2261095,lunaseis-independent-background-v0.1
S15,1974,113,14,365,1,ATT;MH1;MH2;MHZ,2252903,lunaseis-independent-background-v0.1
S15,1974,134,18,365,1,ATT;MH1;MH2;MHZ,2261095,lunaseis-independent-background-v0.1
S15,1974,147,2,365,1,ATT;MH1;MH2;MHZ,2252903,lunaseis-independent-background-v0.1
S15,1974,150,24,365,1,ATT;MH1;MH2;MHZ,2273383,lunaseis-independent-background-v0.1
S15,1974,160,26,365,1,ATT;MH1;MH2;MHZ,2261095,lunaseis-independent-background-v0.1
S15,1974,164,32,365,1,ATT;MH1;MH2;MHZ,2252903,lunaseis-independent-background-v0.1
S15,1974,173,5,365,1,ATT;MH1;MH2;MHZ,2252903,lunaseis-independent-background-v0.1
S15,1974,175,31,365,1,ATT;MH1;MH2;MHZ,2252903,lunaseis-independent-background-v0.1
S15,1974,178,28,365,1,ATT;MH1;MH2;MHZ,2277479,lunaseis-independent-background-v0.1
S15,1974,183,20,365,1,ATT;MH1;MH2;MHZ,2252903,lunaseis-independent-background-v0.1
S15,1974,210,4,365,1,ATT;MH1;MH2;MHZ,2261095,lunaseis-independent-background-v0.1
S15,1974,216,10,365,1,ATT;MH1;MH2;MHZ,2252903,lunaseis-independent-background-v0.1
S15,1974,221,29,365,1,ATT;MH1;MH2;MHZ,2269287,lunaseis-independent-background-v0.1
S15,1974,270,22,365,1,ATT;MH1;MH2;MHZ,2256999,lunaseis-independent-background-v0.1
S15,1974,277,15,365,1,ATT;MH1;MH2;MHZ,2252903,lunaseis-independent-background-v0.1
S15,1974,283,3,365,1,ATT;MH1;MH2;MHZ,2252903,lunaseis-independent-background-v0.1
S15,1974,284,19,365,1,ATT;MH1;MH2;MHZ,2252903,lunaseis-independent-background-v0.1
S15,1974,287,1,365,1,ATT;MH1;MH2;MHZ,2252903,lunaseis-independent-background-v0.1
S15,1974,300,13,365,1,ATT;MH1;MH2;MHZ,2256999,lunaseis-independent-background-v0.1
S15,1974,302,8,365,1,ATT;MH1;MH2;MHZ,2252903,lunaseis-independent-background-v0.1
S15,1974,315,9,365,1,ATT;MH1;MH2;MHZ,2265191,lunaseis-independent-background-v0.1
S15,1974,320,25,365,1,ATT;MH1;MH2;MHZ,2252903,lunaseis-independent-background-v0.1
S15,1974,342,7,365,1,ATT;MH1;MH2;MHZ,2252903,lunaseis-independent-background-v0.1
S15,1974,352,6,365,1,ATT;MH1;MH2;MHZ,2252903,lunaseis-independent-background-v0.1
S15,1974,361,23,365,1,ATT;MH1;MH2;MHZ,2252903,lunaseis-independent-background-v0.1
S15,1975,014,5,365,1,ATT;MH1;MH2;MHZ,1990759,lunaseis-independent-background-v0.1
S15,1975,024,20,365,1,ATT;MH1;MH2;MHZ,2252903,lunaseis-independent-background-v0.1
S15,1975,033,16,365,1,ATT;MH1;MH2;MHZ,2273383,lunaseis-independent-background-v0.1
S15,1975,054,27,365,1,ATT;MH1;MH2;MHZ,2252903,lunaseis-independent-background-v0.1
S15,1975,060,6,365,1,ATT;MH1;MH2;MHZ,2256999,lunaseis-independent-background-v0.1
S15,1975,073,23,365,1,ATT;MH1;MH2;MHZ,2252903,lunaseis-independent-background-v0.1
S15,1975,082,11,365,1,ATT;MH1;MH2;MHZ,2261095,lunaseis-independent-background-v0.1
S15,1975,100,8,365,1,ATT;MH1;MH2;MHZ,2252903,lunaseis-independent-background-v0.1
S15,1975,103,26,365,1,ATT;MH1;MH2;MHZ,2252903,lunaseis-independent-background-v0.1
S15,1975,110,29,365,1,ATT;MH1;MH2;MHZ,2273383,lunaseis-independent-background-v0.1
S15,1975,125,14,365,1,ATT;MH1;MH2;MHZ,2252903,lunaseis-independent-background-v0.1
S15,1975,143,28,365,1,ATT;MH1;MH2;MHZ,2252903,lunaseis-independent-background-v0.1
S15,1975,149,3,365,1,ATT;MH1;MH2;MHZ,2261095,lunaseis-independent-background-v0.1
S15,1975,154,30,365,1,ATT;MH1;MH2;MHZ,2252903,lunaseis-independent-background-v0.1
S15,1975,165,18,365,1,ATT;MH1;MH2;MHZ,2125927,lunaseis-independent-background-v0.1
S15,1975,173,13,365,1,ATT;MH1;MH2;MHZ,2256999,lunaseis-independent-background-v0.1
S15,1975,174,1,365,1,ATT;MH1;MH2;MHZ,2252903,lunaseis-independent-background-v0.1
S15,1975,189,12,365,0,,0,lunaseis-independent-background-v0.1
S15,1975,211,4,365,0,,0,lunaseis-independent-background-v0.1
S15,1975,230,15,365,0,,0,lunaseis-independent-background-v0.1
S15,1975,252,31,365,0,,0,lunaseis-independent-background-v0.1
S15,1975,255,22,365,0,,0,lunaseis-independent-background-v0.1
S15,1975,280,9,365,0,,0,lunaseis-independent-background-v0.1
S15,1975,281,19,365,0,,0,lunaseis-independent-background-v0.1
S15,1975,290,10,365,0,,0,lunaseis-independent-background-v0.1
S15,1975,291,2,365,0,,0,lunaseis-independent-background-v0.1
S15,1975,294,25,365,0,,0,lunaseis-independent-background-v0.1
S15,1975,311,24,365,0,,0,lunaseis-independent-background-v0.1
S15,1975,325,17,365,0,,0,lunaseis-independent-background-v0.1
S15,1975,326,7,365,0,,0,lunaseis-independent-background-v0.1
S15,1975,329,32,365,0,,0,lunaseis-independent-background-v0.1
S15,1975,345,21,365,0,,0,lunaseis-independent-background-v0.1
S15,1976,045,5,366,0,,0,lunaseis-independent-background-v0.1
S15,1976,073,8,366,0,,0,lunaseis-independent-background-v0.1
S15,1976,082,20,366,0,,0,lunaseis-independent-background-v0.1
S15,1976,103,32,366,0,,0,lunaseis-independent-background-v0.1
S15,1976,111,1,366,0,,0,lunaseis-independent-background-v0.1
S15,1976,116,3,366,0,,0,lunaseis-independent-background-v0.1
S15,1976,124,2,366,0,,0,lunaseis-independent-background-v0.1
S15,1976,137,4,366,0,,0,lunaseis-independent-background-v0.1
S15,1976,143,22,366,0,,0,lunaseis-independent-background-v0.1
S15,1976,147,9,366,0,,0,lunaseis-independent-background-v0.1
S15,1976,153,25,366,0,,0,lunaseis-independent-background-v0.1
S15,1976,157,7,366,0,,0,lunaseis-independent-background-v0.1
S15,1976,159,30,366,0,,0,lunaseis-independent-background-v0.1
S15,1976,160,17,366,0,,0,lunaseis-independent-background-v0.1
S15,1976,161,31,366,0,,0,lunaseis-independent-background-v0.1
S15,1976,228,13,366,0,,0,lunaseis-independent-background-v0.1
S15,1976,229,15,366,0,,0,lunaseis-independent-background-v0.1
S15,1976,237,21,366,0,,0,lunaseis-independent-background-v0.1
S15,1976,240,27,366,0,,0,lunaseis-independent-background-v0.1
S15,1976,241,18,366,0,,0,lunaseis-independent-background-v0.1
S15,1976,244,6,366,0,,0,lunaseis-independent-background-v0.1
S15,1976,261,14,366,0,,0,lunaseis-independent-background-v0.1
S15,1976,279,28,366,0,,0,lunaseis-independent-background-v0.1
S15,1976,289,23,366,0,,0,lunaseis-independent-background-v0.1
S15,1976,290,26,366,0,,0,lunaseis-independent-background-v0.1
S15,1976,313,19,366,0,,0,lunaseis-independent-background-v0.1
S15,1976,319,24,366,0,,0,lunaseis-independent-background-v0.1
S15,1976,321,11,366,0,,0,lunaseis-independent-background-v0.1
S15,1976,342,29,366,0,,0,lunaseis-independent-background-v0.1
S15,1976,345,12,366,0,,0,lunaseis-independent-background-v0.1
S15,1976,356,16,366,0,,0,lunaseis-independent-background-v0.1
S15,1976,366,10,366,0,,0,lunaseis-independent-background-v0.1
S15,1977,001,8,273,0,,0,lunaseis-independent-background-v0.1
S15,1977,013,20,273,0,,0,lunaseis-independent-background-v0.1
S15,1977,019,19,273,0,,0,lunaseis-independent-background-v0.1
S15,1977,024,23,273,0,,0,lunaseis-independent-background-v0.1
S15,1977,042,24,273,0,,0,lunaseis-independent-background-v0.1
S15,1977,046,17,273,0,,0,lunaseis-independent-background-v0.1
S15,1977,082,27,273,0,,0,lunaseis-independent-background-v0.1
S15,1977,084,7,273,0,,0,lunaseis-independent-background-v0.1
S15,1977,091,30,273,1,ATT;MH1;MH2;MHZ,2261095,lunaseis-independent-background-v0.1
S15,1977,101,5,273,1,ATT;MH1;MH2;MHZ,2261095,lunaseis-independent-background-v0.1
S15,1977,109,12,273,1,ATT;MH1;MH2;MHZ,2265191,lunaseis-independent-background-v0.1
S15,1977,117,2,273,1,ATT;MH1;MH2;MHZ,2269287,lunaseis-independent-background-v0.1
S15,1977,122,14,273,1,ATT;MH1;MH2;MHZ,2252903,lunaseis-independent-background-v0.1
S15,1977,153,6,273,1,ATT;MH1;MH2;MHZ,2252903,lunaseis-independent-background-v0.1
S15,1977,155,25,273,1,ATT;MH1;MH2;MHZ,2252903,lunaseis-independent-background-v0.1
S15,1977,157,3,273,1,ATT;MH1;MH2;MHZ,2297959,lunaseis-independent-background-v0.1
S15,1977,163,13,273,1,ATT;MH1;MH2;MHZ,2252903,lunaseis-independent-background-v0.1
S15,1977,165,18,273,1,ATT;MH1;MH2;MHZ,2248807,lunaseis-independent-background-v0.1
S15,1977,169,11,273,1,ATT;MH1;MH2;MHZ,2252903,lunaseis-independent-background-v0.1
S15,1977,175,26,273,1,ATT;MH1;MH2;MHZ,2285671,lunaseis-independent-background-v0.1
S15,1977,176,9,273,1,ATT;MH1;MH2;MHZ,2289767,lunaseis-independent-background-v0.1
S15,1977,181,4,273,1,ATT;MH1;MH2;MHZ,2252903,lunaseis-independent-background-v0.1
S15,1977,195,21,273,1,ATT;MH1;MH2;MHZ,2252903,lunaseis-independent-background-v0.1
S15,1977,196,10,273,1,ATT;MH1;MH2;MHZ,2252903,lunaseis-independent-background-v0.1
S15,1977,207,31,273,1,ATT;MH1;MH2;MHZ,2261095,lunaseis-independent-background-v0.1
S15,1977,214,29,273,1,ATT;MH1;MH2;MHZ,2252903,lunaseis-independent-background-v0.1
S15,1977,218,1,273,1,ATT;MH1;MH2;MHZ,2269287,lunaseis-independent-background-v0.1
S15,1977,237,28,273,1,ATT;MH1;MH2;MHZ,2027623,lunaseis-independent-background-v0.1
S15,1977,240,22,273,1,ATT;MH1;MH2;MHZ,2252903,lunaseis-independent-background-v0.1
S15,1977,248,32,273,1,ATT;MH1;MH2;MHZ,2076775,lunaseis-independent-background-v0.1
S15,1977,260,15,273,1,ATT;MH1;MH2;MHZ,2265191,lunaseis-independent-background-v0.1
S15,1977,268,16,273,1,ATT;MH1;MH2;MHZ,2252903,lunaseis-independent-background-v0.1
S16,1972,121,31,255,1,ATT;MH1;MH2;MHZ,2252903,lunaseis-independent-background-v0.1
S16,1972,123,27,255,1,ATT;MH1;MH2;MHZ,2261095,lunaseis-independent-background-v0.1
S16,1972,140,3,255,1,ATT;MH1;MH2;MHZ,2281575,lunaseis-independent-background-v0.1
S16,1972,148,23,255,1,ATT;MH1;MH2;MHZ,2252903,lunaseis-independent-background-v0.1
S16,1972,153,15,255,1,ATT;MH1;MH2;MHZ,2261095,lunaseis-independent-background-v0.1
S16,1972,158,29,255,1,ATT;MH1;MH2;MHZ,2252903,lunaseis-independent-background-v0.1
S16,1972,166,32,255,1,ATT;MH1;MH2;MHZ,2252903,lunaseis-independent-background-v0.1
S16,1972,181,16,255,1,ATT;MH1;MH2;MHZ,2256999,lunaseis-independent-background-v0.1
S16,1972,186,4,255,1,ATT;MH1;MH2;MHZ,2252903,lunaseis-independent-background-v0.1
S16,1972,194,21,255,1,ATT;MH1;MH2;MHZ,2252903,lunaseis-independent-background-v0.1
S16,1972,210,28,255,1,ATT;MH1;MH2;MHZ,2248807,lunaseis-independent-background-v0.1
S16,1972,219,25,255,1,ATT;MH1;MH2;MHZ,2252903,lunaseis-independent-background-v0.1
S16,1972,231,10,255,1,ATT;MH1;MH2;MHZ,2261095,lunaseis-independent-background-v0.1
S16,1972,250,18,255,1,ATT;MH1;MH2;MHZ,2252903,lunaseis-independent-background-v0.1
S16,1972,255,8,255,1,ATT;MH1;MH2;MHZ,2199655,lunaseis-independent-background-v0.1
S16,1972,259,30,255,1,ATT;MH1;MH2;MHZ,2281575,lunaseis-independent-background-v0.1
S16,1972,264,6,255,1,ATT;MH1;MH2;MHZ,2195559,lunaseis-independent-background-v0.1
S16,1972,282,19,255,1,ATT;MH1;MH2;MHZ,2252903,lunaseis-independent-background-v0.1
S16,1972,286,14,255,1,ATT;MH1;MH2;MHZ,2252903,lunaseis-independent-background-v0.1
S16,1972,287,9,255,1,ATT;MH1;MH2;MHZ,2285671,lunaseis-independent-background-v0.1
S16,1972,299,26,255,1,ATT;MH1;MH2;MHZ,2261095,lunaseis-independent-background-v0.1
S16,1972,308,17,255,1,ATT;MH1;MH2;MHZ,2252903,lunaseis-independent-background-v0.1
S16,1972,313,13,255,1,ATT;MH1;MH2;MHZ,2256999,lunaseis-independent-background-v0.1
S16,1972,321,5,255,1,ATT;MH1;MH2;MHZ,2261095,lunaseis-independent-background-v0.1
S16,1972,322,12,255,1,ATT;MH1;MH2;MHZ,2252903,lunaseis-independent-background-v0.1
S16,1972,325,22,255,1,ATT;MH1;MH2;MHZ,2252903,lunaseis-independent-background-v0.1
S16,1972,340,24,255,1,ATT;MH1;MH2;MHZ,2252903,lunaseis-independent-background-v0.1
S16,1972,345,1,255,1,ATT;MH1;MH2;MHZ,2293863,lunaseis-independent-background-v0.1
S16,1972,355,2,255,1,ATT;MH1;MH2;MHZ,2252903,lunaseis-independent-background-v0.1
S16,1972,358,11,255,1,ATT;MH1;MH2;MHZ,2256999,lunaseis-independent-background-v0.1
S16,1972,360,20,255,1,ATT;MH1;MH2;MHZ,2273383,lunaseis-independent-background-v0.1
S16,1972,364,7,255,1,ATT;MH1;MH2;MHZ,2252903,lunaseis-independent-background-v0.1
S16,1973,023,28,365,1,ATT;MH1;MH2;MHZ,2269287,lunaseis-independent-background-v0.1
S16,1973,029,4,365,1,ATT;MH1;MH2;MHZ,2252903,lunaseis-independent-background-v0.1
S16,1973,058,2,365,1,ATT;MH1;MH2;MHZ,2256999,lunaseis-independent-background-v0.1
S16,1973,060,29,365,1,ATT;MH1;MH2;MHZ,2252903,lunaseis-independent-background-v0.1
S16,1973,065,14,365,1,ATT;MH1;MH2;MHZ,2252903,lunaseis-independent-background-v0.1
S16,1973,074,1,365,1,ATT;MH1;MH2;MHZ,2261095,lunaseis-independent-background-v0.1
S16,1973,075,12,365,1,ATT;MH1;MH2;MHZ,2252903,lunaseis-independent-background-v0.1
S16,1973,078,15,365,1,ATT;MH1;MH2;MHZ,2252903,lunaseis-independent-background-v0.1
S16,1973,082,6,365,1,ATT;MH1;MH2;MHZ,2281575,lunaseis-independent-background-v0.1
S16,1973,085,27,365,1,ATT;MH1;MH2;MHZ,2256999,lunaseis-independent-background-v0.1
S16,1973,096,26,365,1,ATT;MH1;MH2;MHZ,2252903,lunaseis-independent-background-v0.1
S16,1973,103,5,365,1,ATT;MH1;MH2;MHZ,2265191,lunaseis-independent-background-v0.1
S16,1973,120,31,365,1,ATT;MH1;MH2;MHZ,2252903,lunaseis-independent-background-v0.1
S16,1973,143,22,365,1,ATT;MH1;MH2;MHZ,2281575,lunaseis-independent-background-v0.1
S16,1973,158,13,365,1,ATT;MH1;MH2;MHZ,2297959,lunaseis-independent-background-v0.1
S16,1973,181,11,365,1,ATT;MH1;MH2;MHZ,2252903,lunaseis-independent-background-v0.1
S16,1973,196,23,365,1,ATT;MH1;MH2;MHZ,2252903,lunaseis-independent-background-v0.1
S16,1973,197,25,365,1,ATT;MH1;MH2;MHZ,2256999,lunaseis-independent-background-v0.1
S16,1973,202,10,365,1,ATT;MH1;MH2;MHZ,2277479,lunaseis-independent-background-v0.1
S16,1973,207,21,365,1,ATT;MH1;MH2;MHZ,2252903,lunaseis-independent-background-v0.1
S16,1973,226,16,365,1,ATT;MH1;MH2;MHZ,2256999,lunaseis-independent-background-v0.1
S16,1973,229,20,365,1,ATT;MH1;MH2;MHZ,2261095,lunaseis-independent-background-v0.1
S16,1973,239,30,365,1,ATT;MH1;MH2;MHZ,2252903,lunaseis-independent-background-v0.1
S16,1973,248,8,365,1,ATT;MH1;MH2;MHZ,2261095,lunaseis-independent-background-v0.1
S16,1973,253,3,365,1,ATT;MH1;MH2;MHZ,2252903,lunaseis-independent-background-v0.1
S16,1973,294,18,365,1,ATT;MH1;MH2;MHZ,2252903,lunaseis-independent-background-v0.1
S16,1973,298,17,365,1,ATT;MH1;MH2;MHZ,2252903,lunaseis-independent-background-v0.1
S16,1973,321,24,365,1,ATT;MH1;MH2;MHZ,2261095,lunaseis-independent-background-v0.1
S16,1973,330,32,365,1,ATT;MH1;MH2;MHZ,2252903,lunaseis-independent-background-v0.1
S16,1973,352,19,365,1,ATT;MH1;MH2;MHZ,2252903,lunaseis-independent-background-v0.1
S16,1973,356,9,365,1,ATT;MH1;MH2;MHZ,2252903,lunaseis-independent-background-v0.1
S16,1973,359,7,365,1,ATT;MH1;MH2;MHZ,2252903,lunaseis-independent-background-v0.1
S16,1974,014,24,365,1,ATT;MH1;MH2;MHZ,2289767,lunaseis-independent-background-v0.1
S16,1974,019,31,365,1,ATT;MH1;MH2;MHZ,2269287,lunaseis-independent-background-v0.1
S16,1974,029,1,365,1,ATT;MH1;MH2;MHZ,2285671,lunaseis-independent-background-v0.1
S16,1974,042,32,365,1,ATT;MH1;MH2;MHZ,2269287,lunaseis-independent-background-v0.1
S16,1974,066,7,365,1,ATT;MH1;MH2;MHZ,2252903,lunaseis-independent-background-v0.1
S16,1974,069,10,365,1,ATT;MH1;MH2;MHZ,2256999,lunaseis-independent-background-v0.1
S16,1974,080,30,365,1,ATT;MH1;MH2;MHZ,2252903,lunaseis-independent-background-v0.1
S16,1974,096,2,365,1,ATT;MH1;MH2;MHZ,2252903,lunaseis-independent-background-v0.1
S16,1974,103,6,365,1,ATT;MH1;MH2;MHZ,1966183,lunaseis-independent-background-v0.1
S16,1974,104,28,365,1,ATT;MH1;MH2;MHZ,2256999,lunaseis-independent-background-v0.1
S16,1974,111,11,365,1,ATT;MH1;MH2;MHZ,2252903,lunaseis-independent-background-v0.1
S16,1974,117,23,365,1,ATT;MH1;MH2;MHZ,2252903,lunaseis-independent-background-v0.1
S16,1974,120,9,365,1,ATT;MH1;MH2;MHZ,2261095,lunaseis-independent-background-v0.1
S16,1974,141,22,365,1,ATT;MH1;MH2;MHZ,2252903,lunaseis-independent-background-v0.1
S16,1974,160,17,365,1,ATT;MH1;MH2;MHZ,2269287,lunaseis-independent-background-v0.1
S16,1974,167,8,365,1,ATT;MH1;MH2;MHZ,2252903,lunaseis-independent-background-v0.1
S16,1974,182,25,365,1,ATT;MH1;MH2;MHZ,2256999,lunaseis-independent-background-v0.1
S16,1974,183,13,365,1,ATT;MH1;MH2;MHZ,2252903,lunaseis-independent-background-v0.1
S16,1974,184,16,365,1,ATT;MH1;MH2;MHZ,2252903,lunaseis-independent-background-v0.1
S16,1974,216,4,365,1,ATT;MH1;MH2;MHZ,2252903,lunaseis-independent-background-v0.1
S16,1974,224,26,365,1,ATT;MH1;MH2;MHZ,2252903,lunaseis-independent-background-v0.1
S16,1974,226,15,365,1,ATT;MH1;MH2;MHZ,2285671,lunaseis-independent-background-v0.1
S16,1974,245,18,365,1,ATT;MH1;MH2;MHZ,2252903,lunaseis-independent-background-v0.1
S16,1974,246,19,365,1,ATT;MH1;MH2;MHZ,2256999,lunaseis-independent-background-v0.1
S16,1974,249,21,365,1,ATT;MH1;MH2;MHZ,2277479,lunaseis-independent-background-v0.1
S16,1974,292,20,365,1,ATT;MH1;MH2;MHZ,2252903,lunaseis-independent-background-v0.1
S16,1974,297,3,365,1,ATT;MH1;MH2;MHZ,2261095,lunaseis-independent-background-v0.1
S16,1974,315,29,365,1,ATT;MH1;MH2;MHZ,2252903,lunaseis-independent-background-v0.1
S16,1974,316,5,365,1,ATT;MH1;MH2;MHZ,2252903,lunaseis-independent-background-v0.1
S16,1974,343,12,365,1,ATT;MH1;MH2;MHZ,2261095,lunaseis-independent-background-v0.1
S16,1974,345,14,365,1,ATT;MH1;MH2;MHZ,2252903,lunaseis-independent-background-v0.1
S16,1974,360,27,365,1,ATT;MH1;MH2;MHZ,2261095,lunaseis-independent-background-v0.1
S16,1975,003,4,365,1,ATT;MH1;MH2;MHZ,2306151,lunaseis-independent-background-v0.1
S16,1975,017,1,365,1,ATT;MH1;MH2;MHZ,2252903,lunaseis-independent-background-v0.1
S16,1975,045,6,365,1,ATT;MH1;MH2;MHZ,2252903,lunaseis-independent-background-v0.1
S16,1975,048,15,365,1,ATT;MH1;MH2;MHZ,2293863,lunaseis-independent-background-v0.1
S16,1975,053,5,365,1,ATT;MH1;MH2;MHZ,2256999,lunaseis-independent-background-v0.1
S16,1975,057,32,365,1,ATT;MH1;MH2;MHZ,2252903,lunaseis-independent-background-v0.1
S16,1975,093,8,365,1,ATT;MH1;MH2;MHZ,2252903,lunaseis-independent-background-v0.1
S16,1975,099,26,365,1,ATT;MH1;MH2;MHZ,2252903,lunaseis-independent-background-v0.1
S16,1975,109,9,365,1,ATT;MH1;MH2;MHZ,2261095,lunaseis-independent-background-v0.1
S16,1975,116,22,365,1,ATT;MH1;MH2;MHZ,2252903,lunaseis-independent-background-v0.1
S16,1975,127,20,365,1,ATT;MH1;MH2;MHZ,2252903,lunaseis-independent-background-v0.1
S16,1975,139,7,365,1,ATT;MH1;MH2;MHZ,2261095,lunaseis-independent-background-v0.1
S16,1975,147,16,365,1,ATT;MH1;MH2;MHZ,2256999,lunaseis-independent-background-v0.1
S16,1975,153,11,365,1,ATT;MH1;MH2;MHZ,2252903,lunaseis-independent-background-v0.1
S16,1975,173,31,365,1,ATT;MH1;MH2;MHZ,2252903,lunaseis-independent-background-v0.1
S16,1975,184,18,365,0,,0,lunaseis-independent-background-v0.1
S16,1975,185,27,365,0,,0,lunaseis-independent-background-v0.1
S16,1975,189,28,365,0,,0,lunaseis-independent-background-v0.1
S16,1975,199,25,365,0,,0,lunaseis-independent-background-v0.1
S16,1975,249,3,365,0,,0,lunaseis-independent-background-v0.1
S16,1975,254,13,365,0,,0,lunaseis-independent-background-v0.1
S16,1975,255,29,365,0,,0,lunaseis-independent-background-v0.1
S16,1975,258,12,365,0,,0,lunaseis-independent-background-v0.1
S16,1975,283,2,365,0,,0,lunaseis-independent-background-v0.1
S16,1975,285,14,365,0,,0,lunaseis-independent-background-v0.1
S16,1975,286,24,365,0,,0,lunaseis-independent-background-v0.1
S16,1975,301,19,365,0,,0,lunaseis-independent-background-v0.1
S16,1975,310,17,365,0,,0,lunaseis-independent-background-v0.1
S16,1975,317,30,365,0,,0,lunaseis-independent-background-v0.1
S16,1975,323,21,365,0,,0,lunaseis-independent-background-v0.1
S16,1975,326,10,365,0,,0,lunaseis-independent-background-v0.1
S16,1975,365,23,365,0,,0,lunaseis-independent-background-v0.1
S16,1976,001,28,366,0,,0,lunaseis-independent-background-v0.1
S16,1976,009,17,366,0,,0,lunaseis-independent-background-v0.1
S16,1976,024,15,366,0,,0,lunaseis-independent-background-v0.1
S16,1976,038,4,366,0,,0,lunaseis-independent-background-v0.1
S16,1976,080,6,366,0,,0,lunaseis-independent-background-v0.1
S16,1976,095,31,366,0,,0,lunaseis-independent-background-v0.1
S16,1976,105,3,366,0,,0,lunaseis-independent-background-v0.1
S16,1976,106,16,366,0,,0,lunaseis-independent-background-v0.1
S16,1976,107,20,366,0,,0,lunaseis-independent-background-v0.1
S16,1976,124,22,366,0,,0,lunaseis-independent-background-v0.1
S16,1976,143,26,366,0,,0,lunaseis-independent-background-v0.1
S16,1976,163,13,366,0,,0,lunaseis-independent-background-v0.1
S16,1976,171,10,366,0,,0,lunaseis-independent-background-v0.1
S16,1976,183,29,366,0,,0,lunaseis-independent-background-v0.1
S16,1976,212,25,366,0,,0,lunaseis-independent-background-v0.1
S16,1976,216,12,366,0,,0,lunaseis-independent-background-v0.1
S16,1976,236,30,366,0,,0,lunaseis-independent-background-v0.1
S16,1976,255,11,366,0,,0,lunaseis-independent-background-v0.1
S16,1976,267,32,366,0,,0,lunaseis-independent-background-v0.1
S16,1976,275,1,366,0,,0,lunaseis-independent-background-v0.1
S16,1976,278,9,366,0,,0,lunaseis-independent-background-v0.1
S16,1976,287,27,366,0,,0,lunaseis-independent-background-v0.1
S16,1976,295,19,366,0,,0,lunaseis-independent-background-v0.1
S16,1976,322,5,366,0,,0,lunaseis-independent-background-v0.1
S16,1976,329,14,366,0,,0,lunaseis-independent-background-v0.1
S16,1976,336,18,366,0,,0,lunaseis-independent-background-v0.1
S16,1976,347,23,366,0,,0,lunaseis-independent-background-v0.1
S16,1976,357,8,366,0,,0,lunaseis-independent-background-v0.1
S16,1976,360,21,366,0,,0,lunaseis-independent-background-v0.1
S16,1976,362,7,366,0,,0,lunaseis-independent-background-v0.1
S16,1976,364,24,366,0,,0,lunaseis-independent-background-v0.1
S16,1976,365,2,366,0,,0,lunaseis-independent-background-v0.1
S16,1977,009,18,273,0,,0,lunaseis-independent-background-v0.1
S16,1977,015,2,273,0,,0,lunaseis-independent-background-v0.1
S16,1977,022,11,273,0,,0,lunaseis-independent-background-v0.1
S16,1977,041,22,273,0,,0,lunaseis-independent-background-v0.1
S16,1977,047,13,273,0,,0,lunaseis-independent-background-v0.1
S16,1977,063,23,273,0,,0,lunaseis-independent-background-v0.1
S16,1977,072,8,273,0,,0,lunaseis-independent-background-v0.1
S16,1977,085,16,273,1,ATT;MH1;MH2;MHZ,1601639,lunaseis-independent-background-v0.1
S16,1977,086,19,273,1,ATT;MH1;MH2;MHZ,2269287,lunaseis-independent-background-v0.1
S16,1977,089,14,273,1,ATT;MH1;MH2;MHZ,2261095,lunaseis-independent-background-v0.1
S16,1977,090,20,273,1,ATT;MH1;MH2;MHZ,2256999,lunaseis-independent-background-v0.1
S16,1977,104,1,273,1,ATT;MH1;MH2;MHZ,2252903,lunaseis-independent-background-v0.1
S16,1977,109,29,273,1,ATT;MH1;MH2;MHZ,2252903,lunaseis-independent-background-v0.1
S16,1977,133,3,273,1,ATT;MH1;MH2;MHZ,2252903,lunaseis-independent-background-v0.1
S16,1977,142,28,273,1,ATT;MH1;MH2;MHZ,2252903,lunaseis-independent-background-v0.1
S16,1977,169,7,273,1,ATT;MH1;MH2;MHZ,2252903,lunaseis-independent-background-v0.1
S16,1977,173,10,273,1,ATT;MH1;MH2;MHZ,2289767,lunaseis-independent-background-v0.1
S16,1977,177,15,273,1,ATT;MH1;MH2;MHZ,2261095,lunaseis-independent-background-v0.1
S16,1977,178,17,273,1,ATT;MH1;MH2;MHZ,2256999,lunaseis-independent-background-v0.1
S16,1977,181,9,273,1,ATT;MH1;MH2;MHZ,2256999,lunaseis-independent-background-v0.1
S16,1977,190,26,273,1,ATT;MH1;MH2;MHZ,2252903,lunaseis-independent-background-v0.1
S16,1977,194,5,273,1,ATT;MH1;MH2;MHZ,2252903,lunaseis-independent-background-v0.1
S16,1977,209,30,273,1,ATT;MH1;MH2;MHZ,2261095,lunaseis-independent-background-v0.1
S16,1977,211,12,273,1,ATT;MH1;MH2;MHZ,2252903,lunaseis-independent-background-v0.1
S16,1977,218,31,273,1,ATT;MH1;MH2;MHZ,2261095,lunaseis-independent-background-v0.1
S16,1977,244,32,273,1,ATT;MH1;MH2;MHZ,2117735,lunaseis-independent-background-v0.1
S16,1977,249,6,273,1,ATT;MH1;MH2;MHZ,2265191,lunaseis-independent-background-v0.1
S16,1977,250,21,273,1,ATT;MH1;MH2;MHZ,2265191,lunaseis-independent-background-v0.1
S16,1977,262,25,273,1,ATT;MH1;MH2;MHZ,2302055,lunaseis-independent-background-v0.1
S16,1977,268,4,273,1,ATT;MH1;MH2;MHZ,2265191,lunaseis-independent-background-v0.1
S16,1977,271,24,273,1,ATT;MH1;MH2;MHZ,2261095,lunaseis-independent-background-v0.1
S16,1977,272,27,273,1,ATT;MH1;MH2;MHZ,2256999,lunaseis-independent-background-v0.1
