batch_id,event_id,event_class,station,audited_positive_channels,usable_channels,questionable_channels,rejected_channels,request_integrity_status
3,levent-01837,deep_moonquake_assigned,S15,MH2;MHZ;SHZ,MH2;MHZ;SHZ,,,usable_integrity
3,levent-01841,deep_moonquake_assigned,S15,MH1;MH2;MHZ;SHZ,MH1;MH2;MHZ;SHZ,,,usable_integrity
3,levent-01925,natural_impact,S15,MH2;MHZ;SHZ,MH2;MHZ;SHZ,,,usable_integrity
3,levent-01926,natural_impact,S15,MH2;MHZ;SHZ,MH2;MHZ;SHZ,,,usable_integrity
3,levent-01962,deep_moonquake_assigned,S15,MH2;MHZ,MH2;MHZ,,,usable_integrity
3,levent-01969,deep_moonquake_assigned,S15,MH2;MHZ,MH2;MHZ,,,usable_integrity
3,levent-01981,deep_moonquake_assigned,S15,MH1;MH2;MHZ,MH1;MH2;MHZ,,,usable_integrity
3,levent-01986,natural_impact,S15,MH1;MH2;MHZ;SHZ,MH1;MH2;MHZ;SHZ,,,usable_integrity
3,levent-01995,deep_moonquake_assigned,S15,MH2,MH2,,,usable_integrity
3,levent-02005,natural_impact,S15,MH1;MH2;MHZ;SHZ,MH1;MH2;MHZ;SHZ,,,usable_integrity
3,levent-02008,natural_impact,S15,MH1;MH2;MHZ;SHZ,MH1;MH2;MHZ;SHZ,,,usable_integrity
3,levent-02074,deep_moonquake_assigned,S15,SHZ,SHZ,,,usable_integrity
3,levent-02134,natural_impact,S15,SHZ,SHZ,,,usable_integrity
3,levent-02138,natural_impact,S15,SHZ,SHZ,,,usable_integrity
3,levent-02144,natural_impact,S15,SHZ,SHZ,,,usable_integrity
3,levent-02200,natural_impact,S15,MH1;MH2;MHZ,MH1;MH2;MHZ,,,usable_integrity
3,levent-02220,deep_moonquake_assigned,S15,MH1;MH2,MH1;MH2,,,usable_integrity
3,levent-02228,natural_impact,S15,MH1;MH2;MHZ,MH1;MH2;MHZ,,,usable_integrity
3,levent-02281,deep_moonquake_assigned,S15,MH1;MH2,MH1;MH2,,,usable_integrity
3,levent-02308,deep_moonquake_assigned,S15,MH1;MH2,MH1;MH2,,,usable_integrity
3,levent-02331,deep_moonquake_assigned,S15,MH1;MH2,MH1;MH2,,,usable_integrity
3,levent-02340,deep_moonquake_assigned,S15,SHZ,SHZ,,,usable_integrity
3,levent-02359,natural_impact,S15,MH1;MH2;SHZ,MH1;MH2;SHZ,,,usable_integrity
3,levent-02394,natural_impact,S15,MH1;MH2;MHZ;SHZ,MH1;MH2;MHZ;SHZ,,,usable_integrity
3,levent-02398,natural_impact,S15,MH2,MH2,,,usable_integrity
3,levent-02436,deep_moonquake_assigned,S15,MH1;MH2,MH1;MH2,,,usable_integrity
3,levent-02452,deep_moonquake_assigned,S15,MH1;MH2,MH1;MH2,,,usable_integrity
3,levent-02462,natural_impact,S15,MH1;MH2;MHZ,MH1;MH2;MHZ,,,usable_integrity
3,levent-02488,deep_moonquake_assigned,S15,MH1;MH2,MH1;MH2,,,usable_integrity
3,levent-02506,deep_moonquake_assigned,S15,MH1;MH2;MHZ,MH1;MH2;MHZ,,,usable_integrity
3,levent-02512,deep_moonquake_assigned,S15,MH1;MH2,MH1;MH2,,,usable_integrity
3,levent-02577,natural_impact,S15,MH1;MH2;MHZ;SHZ,MH1;MH2;MHZ;SHZ,,,usable_integrity
3,levent-02609,deep_moonquake_assigned,S15,MH2,MH2,,,usable_integrity
3,levent-02622,natural_impact,S15,MH1;MH2;MHZ,MH1;MH2;MHZ,,,usable_integrity
3,levent-02624,natural_impact,S15,MH1;MH2;MHZ;SHZ,MH1;MH2;MHZ;SHZ,,,usable_integrity
3,levent-02628,natural_impact,S15,MH1;MH2;MHZ,MH1;MH2;MHZ,,,usable_integrity
3,levent-02666,natural_impact,S15,MH1;MH2;MHZ,MH1;MH2;MHZ,,,usable_integrity
3,levent-02676,deep_moonquake_assigned,S15,MH1;MH2,MH1;MH2,,,usable_integrity
3,levent-02702,deep_moonquake_assigned,S15,MH1;MH2;MHZ;SHZ,MH1;MH2;MHZ;SHZ,,,usable_integrity
3,levent-02703,natural_impact,S15,MH1;MH2;MHZ;SHZ,MH1;MH2;MHZ;SHZ,,,usable_integrity
3,levent-02708,natural_impact,S15,MH1;MH2;MHZ;SHZ,MH1;MH2;MHZ;SHZ,,,usable_integrity
3,levent-02807,natural_impact,S15,MH1;MH2,MH1;MH2,,,usable_integrity
3,levent-02840,natural_impact,S15,MH1;MH2,MH1;MH2,,,usable_integrity
3,levent-02845,deep_moonquake_assigned,S15,MH1;MH2,MH1;MH2,,,usable_integrity
3,levent-02880,natural_impact,S15,MH1;MH2;MHZ;SHZ,MH1;MH2;MHZ;SHZ,,,usable_integrity
3,levent-02896,natural_impact,S15,MH1;MH2;SHZ,MH1;MH2;SHZ,,,usable_integrity
3,levent-02928,deep_moonquake_assigned,S15,MH1;MH2;SHZ,MH1;MH2;SHZ,,,usable_integrity
3,levent-02945,deep_moonquake_assigned,S15,MH1;MH2;MHZ,MH1;MH2;MHZ,,,usable_integrity
3,levent-02983,deep_moonquake_assigned,S15,MH1;MH2,MH1;MH2,,,usable_integrity
3,levent-02991,deep_moonquake_assigned,S15,MH2,MH2,,,usable_integrity
3,levent-02999,deep_moonquake_assigned,S15,MH1;MH2,MH1;MH2,,,usable_integrity
3,levent-03014,natural_impact,S15,MH1;MH2;SHZ,MH1;MH2;SHZ,,,usable_integrity
3,levent-03046,deep_moonquake_assigned,S15,MH1;MH2;MHZ,MH1;MH2;MHZ,,,usable_integrity
3,levent-03149,deep_moonquake_assigned,S16,MH1;MH2,MH1;MH2,,,usable_integrity
3,levent-03174,deep_moonquake_assigned,S16,MH1;MH2,MH1;MH2,,,usable_integrity
3,levent-03190,deep_moonquake_assigned,S16,MH1;MH2,MH1;MH2,,,usable_integrity
3,levent-03257,deep_moonquake_assigned,S15,MH1;MH2,MH1;MH2,,,usable_integrity
3,levent-03257,deep_moonquake_assigned,S16,MH1;MH2,MH1;MH2,,,usable_integrity
3,levent-03299,deep_moonquake_assigned,S16,MH1;MH2,MH1;MH2,,,usable_integrity
3,levent-03305,deep_moonquake_assigned,S15,MH1;MH2;SHZ,,,MH1;MH2;SHZ,reject_integrity
3,levent-03305,deep_moonquake_assigned,S16,MH1;MH2;SHZ,MH1;MH2;SHZ,,,usable_integrity
3,levent-03307,natural_impact,S15,MH1;MH2;MHZ;SHZ,,,MH1;MH2;MHZ;SHZ,reject_integrity
3,levent-03311,natural_impact,S15,MH1;MH2;MHZ,,,MH1;MH2;MHZ,reject_integrity
3,levent-03311,natural_impact,S16,MH1;MH2;MHZ,MH1;MH2;MHZ,,,usable_integrity
3,levent-03370,deep_moonquake_assigned,S15,MH1;MH2;MHZ,MH1;MH2;MHZ,,,usable_integrity
3,levent-03370,deep_moonquake_assigned,S16,MH1;MH2;MHZ,MH1;MH2;MHZ,,,usable_integrity
3,levent-03396,deep_moonquake_assigned,S15,MH1;MH2,MH1;MH2,,,usable_integrity
3,levent-03396,deep_moonquake_assigned,S16,MH1;MH2,MH1;MH2,,,usable_integrity
3,levent-03404,deep_moonquake_assigned,S15,MH1;MH2,MH1;MH2,,,usable_integrity
3,levent-03404,deep_moonquake_assigned,S16,MH1;MH2,MH1;MH2,,,usable_integrity
3,levent-03416,natural_impact,S15,MH1;MH2;MHZ,MH1;MH2;MHZ,,,usable_integrity
3,levent-03416,natural_impact,S16,MH1;MH2;MHZ,MH1;MH2;MHZ,,,usable_integrity
3,levent-03422,deep_moonquake_assigned,S16,MH1;MH2;SHZ,MH1;MH2;SHZ,,,usable_integrity
3,levent-03466,natural_impact,S16,MH1;MH2;MHZ,MH1;MH2;MHZ,,,usable_integrity
3,levent-03468,deep_moonquake_assigned,S15,MH1;MH2,MH1;MH2,,,usable_integrity
3,levent-03468,deep_moonquake_assigned,S16,MH1;MH2;MHZ,MH1;MH2;MHZ,,,usable_integrity
3,levent-03494,deep_moonquake_assigned,S15,MH1;MH2,MH1;MH2,,,usable_integrity
3,levent-03494,deep_moonquake_assigned,S16,MH1;MH2,MH1;MH2,,,usable_integrity
3,levent-03499,deep_moonquake_assigned,S15,MH2,MH2,,,usable_integrity
3,levent-03499,deep_moonquake_assigned,S16,MH1;MH2;MHZ,MH1;MH2;MHZ,,,usable_integrity
3,levent-03502,deep_moonquake_assigned,S15,MH2,MH2,,,usable_integrity
3,levent-03502,deep_moonquake_assigned,S16,MH1;MH2;MHZ,MH1;MH2;MHZ,,,usable_integrity
3,levent-03523,deep_moonquake_assigned,S15,MH1;MH2,MH1;MH2,,,usable_integrity
3,levent-03523,deep_moonquake_assigned,S16,MH1;MH2;MHZ,MH1;MH2;MHZ,,,usable_integrity
3,levent-03531,deep_moonquake_assigned,S15,MH1;MH2;MHZ,MH1;MH2;MHZ,,,usable_integrity
3,levent-03531,deep_moonquake_assigned,S16,MH1;MH2,MH1;MH2,,,usable_integrity
3,levent-03532,deep_moonquake_assigned,S15,MH1;MH2;MHZ,MH1;MH2;MHZ,,,usable_integrity
3,levent-03532,deep_moonquake_assigned,S16,MH1;MH2,MH1;MH2,,,usable_integrity
3,levent-03535,deep_moonquake_assigned,S15,MH2;MHZ,MH2;MHZ,,,usable_integrity
3,levent-03537,deep_moonquake_assigned,S15,MH2;MHZ,MH2;MHZ,,,usable_integrity
3,levent-03560,deep_moonquake_assigned,S15,MH2,MH2,,,usable_integrity
3,levent-03560,deep_moonquake_assigned,S16,MH1;MH2,MH1;MH2,,,usable_integrity
3,levent-03566,natural_impact,S15,MH1;MH2;MHZ,MH1;MH2;MHZ,,,usable_integrity
3,levent-03566,natural_impact,S16,MH1;MH2,MH1;MH2,,,usable_integrity
3,levent-03630,deep_moonquake_assigned,S15,MH1;MH2,MH1;MH2,,,usable_integrity
3,levent-03630,deep_moonquake_assigned,S16,MH1;MH2,MH1;MH2,,,usable_integrity
3,levent-03631,deep_moonquake_assigned,S15,MH2,MH2,,,usable_integrity
3,levent-03631,deep_moonquake_assigned,S16,MH1;MH2;MHZ,MH1;MH2;MHZ,,,usable_integrity
3,levent-03658,deep_moonquake_assigned,S16,MH1;MH2,MH1;MH2,,,usable_integrity
3,levent-03659,deep_moonquake_assigned,S16,MH1;MH2,MH1;MH2,,,usable_integrity
3,levent-03664,deep_moonquake_assigned,S16,MH1;MH2,MH1;MH2,,,usable_integrity
3,levent-03667,deep_moonquake_assigned,S15,MH1;MH2,MH1;MH2,,,usable_integrity
3,levent-03667,deep_moonquake_assigned,S16,MH1;MH2,MH1;MH2,,,usable_integrity
3,levent-03669,deep_moonquake_assigned,S15,MH2,MH2,,,usable_integrity
3,levent-03669,deep_moonquake_assigned,S16,MH1;MH2,MH1;MH2,,,usable_integrity
3,levent-03677,deep_moonquake_assigned,S16,MH1;MH2,MH1;MH2,,,usable_integrity
3,levent-03682,deep_moonquake_assigned,S15,MH1;MH2,MH1;MH2,,,usable_integrity
3,levent-03682,deep_moonquake_assigned,S16,MH1;MH2;MHZ,MH1;MH2;MHZ,,,usable_integrity
3,levent-03683,deep_moonquake_assigned,S15,MH1;MH2;MHZ,MH1;MH2;MHZ,,,usable_integrity
3,levent-03683,deep_moonquake_assigned,S16,MH1;MH2,MH1;MH2,,,usable_integrity
3,levent-03684,deep_moonquake_assigned,S16,MH1;MH2,MH1;MH2,,,usable_integrity
3,levent-03699,natural_impact,S15,MH1;MH2,MH1;MH2,,,usable_integrity
3,levent-03699,natural_impact,S16,MH1;MH2;MHZ,MH1;MH2;MHZ,,,usable_integrity
3,levent-03742,deep_moonquake_assigned,S15,MH2;MHZ;SHZ,MH2;MHZ;SHZ,,,usable_integrity
3,levent-03742,deep_moonquake_assigned,S16,SHZ,SHZ,,,usable_integrity
3,levent-03745,deep_moonquake_assigned,S15,MH2;MHZ,MH2;MHZ,,,usable_integrity
3,levent-03748,deep_moonquake_assigned,S15,MH2;MHZ,MH2;MHZ,,,usable_integrity
3,levent-03756,deep_moonquake_assigned,S15,MH2;MHZ,MH2;MHZ,,,usable_integrity
3,levent-03766,deep_moonquake_assigned,S16,MH1;MH2,MH1;MH2,,,usable_integrity
3,levent-03767,deep_moonquake_assigned,S15,MH1;MH2,MH1;MH2,,,usable_integrity
3,levent-03767,deep_moonquake_assigned,S16,MH1;MH2,MH1;MH2,,,usable_integrity
3,levent-03779,natural_impact,S15,MH1;MH2;MHZ,MH1;MH2;MHZ,,,usable_integrity
3,levent-03779,natural_impact,S16,MH1;MH2;MHZ,MH1;MH2;MHZ,,,usable_integrity
3,levent-03789,natural_impact,S16,MH1;MH2;MHZ;SHZ,MH1;MH2;MHZ;SHZ,,,usable_integrity
3,levent-03838,natural_impact,S16,MH1;MH2;MHZ;SHZ,MH1;MH2;MHZ;SHZ,,,usable_integrity
3,levent-03887,deep_moonquake_assigned,S15,MH1;MH2,MH1;MH2,,,usable_integrity
3,levent-03887,deep_moonquake_assigned,S16,MH1;MH2,MH1;MH2,,,usable_integrity
3,levent-03891,natural_impact,S15,MH1;MH2,MH1;MH2,,,usable_integrity
3,levent-03905,natural_impact,S15,MH1;MH2,MH1;MH2,,,usable_integrity
3,levent-03905,natural_impact,S16,MH1;MH2,MH1;MH2,,,usable_integrity
3,levent-03906,deep_moonquake_assigned,S15,MH1;MH2;MHZ,MH1;MH2;MHZ,,,usable_integrity
3,levent-03906,deep_moonquake_assigned,S16,MH1;MH2;MHZ,MH1;MH2;MHZ,,,usable_integrity
3,levent-03940,natural_impact,S15,MH1;MH2,MH1;MH2,,,usable_integrity
3,levent-03977,natural_impact,S15,MH1;MH2;MHZ,MH1;MH2;MHZ,,,usable_integrity
3,levent-03977,natural_impact,S16,MH1;MH2;MHZ,MH1;MH2;MHZ,,,usable_integrity
3,levent-03978,deep_moonquake_assigned,S16,MH1;MH2;MHZ,MH1;MH2;MHZ,,,usable_integrity
3,levent-04001,deep_moonquake_assigned,S15,MH2,MH2,,,usable_integrity
3,levent-04025,deep_moonquake_assigned,S15,MH1;MH2;MHZ,MH1;MH2;MHZ,,,usable_integrity
3,levent-04025,deep_moonquake_assigned,S16,MH1;MH2;MHZ,MH1;MH2;MHZ,,,usable_integrity
3,levent-04035,natural_impact,S15,MH1,MH1,,,usable_integrity
3,levent-04035,natural_impact,S16,MH1;MH2;MHZ;SHZ,MH1;MH2;MHZ;SHZ,,,usable_integrity
3,levent-04039,deep_moonquake_assigned,S15,MH1;MH2,MH1;MH2,,,usable_integrity
3,levent-04039,deep_moonquake_assigned,S16,MH1;MH2;MHZ,MH1;MH2;MHZ,,,usable_integrity
3,levent-04056,natural_impact,S15,MH1;MH2;MHZ;SHZ,MH1;MH2;MHZ;SHZ,,,usable_integrity
3,levent-04069,deep_moonquake_assigned,S16,MH1;MH2,MH1;MH2,,,usable_integrity
3,levent-04070,deep_moonquake_assigned,S16,MH1;MH2,MH1;MH2,,,usable_integrity
3,levent-04083,natural_impact,S16,MH1;MH2;MHZ;SHZ,MH1;MH2;MHZ;SHZ,,,usable_integrity
3,levent-04087,natural_impact,S15,MH1;MH2;MHZ,MH1;MH2;MHZ,,,usable_integrity
3,levent-04087,natural_impact,S16,MH1;MH2;MHZ;SHZ,MH1;MH2;MHZ;SHZ,,,usable_integrity
3,levent-04089,natural_impact,S15,MH1;MH2;MHZ;SHZ,MH1;MH2;MHZ;SHZ,,,usable_integrity
3,levent-04094,natural_impact,S15,MH1;MH2;MHZ;SHZ,MH1;MH2;MHZ;SHZ,,,usable_integrity
3,levent-04171,natural_impact,S15,MH1;MH2;MHZ,MH1;MH2;MHZ,,,usable_integrity
3,levent-04171,natural_impact,S16,MH1;MH2,MH1;MH2,,,usable_integrity
3,levent-04220,natural_impact,S15,MH1;MH2,MH1;MH2,,,usable_integrity
3,levent-04220,natural_impact,S16,MH1;MH2,MH1;MH2,,,usable_integrity
3,levent-04234,natural_impact,S15,MH1;MH2;MHZ,MH1;MH2;MHZ,,,usable_integrity
3,levent-04234,natural_impact,S16,MH1;MH2;MHZ,MH1;MH2;MHZ,,,usable_integrity
3,levent-04252,natural_impact,S16,MH1;MH2;MHZ,MH1;MH2;MHZ,,,usable_integrity
3,levent-04257,deep_moonquake_assigned,S15,MH2,MH2,,,usable_integrity
3,levent-04257,deep_moonquake_assigned,S16,MH1;MH2;MHZ,MH1;MH2;MHZ,,,usable_integrity
3,levent-04280,deep_moonquake_assigned,S15,MH1;MH2;MHZ;SHZ,MH1;MH2;MHZ;SHZ,,,usable_integrity
3,levent-04280,deep_moonquake_assigned,S16,MH1;MH2;MHZ;SHZ,MH1;MH2;MHZ;SHZ,,,usable_integrity
3,levent-04297,deep_moonquake_assigned,S16,MH2,MH2,,,usable_integrity
3,levent-04340,natural_impact,S15,MH1;MH2;MHZ,MH1;MH2;MHZ,,,usable_integrity
3,levent-04340,natural_impact,S16,MH1;MH2;MHZ,MH1;MH2;MHZ,,,usable_integrity
3,levent-04351,natural_impact,S16,MH1;MH2;MHZ;SHZ,MH1;MH2;MHZ;SHZ,,,usable_integrity
3,levent-04360,natural_impact,S16,MH1;MH2;SHZ,MH1;MH2;SHZ,,,usable_integrity
3,levent-04443,deep_moonquake_assigned,S15,MH1;MH2;MHZ,MH1;MH2;MHZ,,,usable_integrity
3,levent-04451,deep_moonquake_unclassified,S16,MH1;MH2;MHZ;SHZ,MH1;MH2;MHZ;SHZ,,,usable_integrity
3,levent-04537,deep_moonquake_assigned,S15,MH1;MH2,MH1;MH2,,,usable_integrity
3,levent-04537,deep_moonquake_assigned,S16,MH1;MH2,MH1;MH2,,,usable_integrity
3,levent-04549,natural_impact,S15,MH1;MH2,,MH1;MH2,,questionable_integrity
3,levent-04549,natural_impact,S16,MH1;MH2,MH1;MH2,,,usable_integrity
3,levent-04567,deep_moonquake_assigned,S16,MH1;MH2,MH1;MH2,,,usable_integrity
3,levent-04570,natural_impact,S15,MH1;MH2;MHZ;SHZ,MH1;MH2;MHZ;SHZ,,,usable_integrity
3,levent-04607,natural_impact,S15,MH1;MH2;MHZ,MH1;MH2;MHZ,,,usable_integrity
3,levent-04607,natural_impact,S16,MH1;MH2;MHZ,MH1;MH2;MHZ,,,usable_integrity
3,levent-04618,natural_impact,S15,MH1;MH2,MH1;MH2,,,usable_integrity
3,levent-04618,natural_impact,S16,MH1;MH2;MHZ,MH1;MH2;MHZ,,,usable_integrity
3,levent-04624,natural_impact,S15,MH1;MH2,MH1;MH2,,,usable_integrity
3,levent-04624,natural_impact,S16,MH1;MH2,MH1;MH2,,,usable_integrity
3,levent-04630,natural_impact,S15,MH1;MH2,MH1;MH2,,,usable_integrity
3,levent-04630,natural_impact,S16,MH1;MH2;MHZ,MH1;MH2;MHZ,,,usable_integrity
3,levent-04639,natural_impact,S16,MH1;MH2;MHZ;SHZ,MH1;MH2;MHZ;SHZ,,,usable_integrity
3,levent-04641,deep_moonquake_assigned,S15,MH1;MH2,MH1;MH2,,,usable_integrity
3,levent-04641,deep_moonquake_assigned,S16,MH1;MH2,MH1;MH2,,,usable_integrity
3,levent-04662,deep_moonquake_assigned,S15,MH1;MH2;MHZ;SHZ,MH1;MH2;MHZ;SHZ,,,usable_integrity
3,levent-04662,deep_moonquake_assigned,S16,MH1;MH2;MHZ,MH1;MH2;MHZ,,,usable_integrity
3,levent-04670,natural_impact,S15,MH1;MH2;MHZ;SHZ,MH1;MH2;MHZ;SHZ,,,usable_integrity
3,levent-04672,deep_moonquake_assigned,S16,MH1,MH1,,,usable_integrity
3,levent-04702,natural_impact,S15,MH1;MH2;MHZ;SHZ,MH1;MH2;MHZ;SHZ,,,usable_integrity
3,levent-04739,natural_impact,S15,MH1;MH2;MHZ,MH1;MH2;MHZ,,,usable_integrity
3,levent-04739,natural_impact,S16,MH1;MH2;MHZ;SHZ,MH1;MH2;MHZ;SHZ,,,usable_integrity
3,levent-04767,natural_impact,S15,MH1;MH2,MH1;MH2,,,usable_integrity
3,levent-04767,natural_impact,S16,MH1;MH2,MH1;MH2,,,usable_integrity
3,levent-04869,deep_moonquake_assigned,S15,MH1;MH2;MHZ;SHZ,MH1;MH2;MHZ;SHZ,,,usable_integrity
3,levent-04869,deep_moonquake_assigned,S16,MH1;MH2;MHZ,MH1;MH2;MHZ,,,usable_integrity
3,levent-04875,deep_moonquake_assigned,S15,MH1;MH2;MHZ,MH1;MH2;MHZ,,,usable_integrity
3,levent-04875,deep_moonquake_assigned,S16,MH1;MH2;MHZ,MH1;MH2;MHZ,,,usable_integrity
3,levent-04880,deep_moonquake_assigned,S15,MH1;MH2;MHZ,MH1;MH2;MHZ,,,usable_integrity
3,levent-04880,deep_moonquake_assigned,S16,MH1;MH2;MHZ,MH1;MH2;MHZ,,,usable_integrity
3,levent-04982,natural_impact,S15,MH1;MH2;SHZ,MH1;MH2;SHZ,,,usable_integrity
3,levent-04983,natural_impact,S15,MH1;MH2;SHZ,MH1;MH2;SHZ,,,usable_integrity
3,levent-04992,deep_moonquake_assigned,S15,MH2,MH2,,,usable_integrity
3,levent-04992,deep_moonquake_assigned,S16,MH1;MH2;SHZ,MH1;MH2;SHZ,,,usable_integrity
3,levent-05002,deep_moonquake_assigned,S15,MH2,MH2,,,usable_integrity
3,levent-05002,deep_moonquake_assigned,S16,MH1;MH2,MH1;MH2,,,usable_integrity
3,levent-05044,deep_moonquake_assigned,S15,MH1;MH2,MH1;MH2,,,usable_integrity
3,levent-05044,deep_moonquake_assigned,S16,MH1;MH2,MH1;MH2,,,usable_integrity
3,levent-05045,natural_impact,S15,MH1;MH2;MHZ,MH1;MH2;MHZ,,,usable_integrity
3,levent-05045,natural_impact,S16,MH1;MH2;MHZ,MH1;MH2;MHZ,,,usable_integrity
3,levent-05053,deep_moonquake_assigned,S15,MHZ,MHZ,,,usable_integrity
3,levent-05085,natural_impact,S15,MH1;MH2;SHZ,MH1;MH2;SHZ,,,usable_integrity
3,levent-05128,deep_moonquake_assigned,S15,MH1;MH2;SHZ,MH1;MH2;SHZ,,,usable_integrity
3,levent-05128,deep_moonquake_assigned,S16,MH1;MH2;MHZ;SHZ,MH1;MH2;MHZ;SHZ,,,usable_integrity
3,levent-05137,natural_impact,S16,MH1;MH2;MHZ;SHZ,MH1;MH2;MHZ;SHZ,,,usable_integrity
3,levent-05160,deep_moonquake_assigned,S15,MH1;MH2;MHZ,MH1;MH2;MHZ,,,usable_integrity
3,levent-05160,deep_moonquake_assigned,S16,MH1;MH2;MHZ,MH1;MH2;MHZ,,,usable_integrity
3,levent-05175,deep_moonquake_assigned,S15,MH2,MH2,,,usable_integrity
3,levent-05175,deep_moonquake_assigned,S16,MH1;MH2;MHZ,MH1;MH2;MHZ,,,usable_integrity
3,levent-05176,natural_impact,S16,MH1;MH2;MHZ;SHZ,MH1;MH2;MHZ;SHZ,,,usable_integrity
3,levent-05186,deep_moonquake_assigned,S15,MH1;MH2,MH1;MH2,,,usable_integrity
3,levent-05186,deep_moonquake_assigned,S16,MH1;MH2,MH1;MH2,,,usable_integrity
3,levent-05194,deep_moonquake_assigned,S16,MH1;MH2,MH1;MH2,,,usable_integrity
3,levent-05215,deep_moonquake_assigned,S16,MH1;MH2,MH1;MH2,,,usable_integrity
3,levent-05266,natural_impact,S16,MH1;MH2;MHZ;SHZ,MH1;MH2;MHZ;SHZ,,,usable_integrity
3,levent-05268,natural_impact,S15,MH2;MHZ,MH2;MHZ,,,usable_integrity
3,levent-05268,natural_impact,S16,MH1;MH2;MHZ;SHZ,MH1;MH2;MHZ;SHZ,,,usable_integrity
3,levent-05277,natural_impact,S15,MH1;MH2,MH1;MH2,,,usable_integrity
3,levent-05277,natural_impact,S16,MH1;MH2;MHZ;SHZ,MH1;MH2;MHZ;SHZ,,,usable_integrity
3,levent-05290,natural_impact,S16,MH1;MH2;MHZ;SHZ,MH1;MH2;MHZ;SHZ,,,usable_integrity
3,levent-05356,natural_impact,S15,MH1;MH2;MHZ;SHZ,MH1;MH2;MHZ;SHZ,,,usable_integrity
3,levent-05356,natural_impact,S16,MH1;MH2;MHZ,MH1;MH2;MHZ,,,usable_integrity
3,levent-05362,deep_moonquake_assigned,S15,MH1;MH2,MH1;MH2,,,usable_integrity
3,levent-05363,deep_moonquake_assigned,S15,MH1;MH2,MH1;MH2,,,usable_integrity
3,levent-05369,natural_impact,S15,MH1;MH2,MH1;MH2,,,usable_integrity
3,levent-05369,natural_impact,S16,MH1;MH2;MHZ;SHZ,MH1;MH2;MHZ;SHZ,,,usable_integrity
3,levent-05374,deep_moonquake_assigned,S15,MH1;MH2,MH1;MH2,,,usable_integrity
3,levent-05374,deep_moonquake_assigned,S16,MH1;MH2,MH1;MH2,,,usable_integrity
3,levent-05378,natural_impact,S15,MH1;MH2,MH1;MH2,,,usable_integrity
3,levent-05378,natural_impact,S16,MH1;MH2;MHZ;SHZ,MH1;MH2;MHZ;SHZ,,,usable_integrity
3,levent-05381,deep_moonquake_assigned,S16,MH1;MH2,MH1;MH2,,,usable_integrity
3,levent-05400,natural_impact,S15,SHZ,SHZ,,,usable_integrity
3,levent-05401,natural_impact,S15,MH1;MH2;MHZ,MH1;MH2;MHZ,,,usable_integrity
3,levent-05401,natural_impact,S16,MH1;MH2;MHZ,MH1;MH2;MHZ,,,usable_integrity
3,levent-05403,natural_impact,S15,MH1;MH2;MHZ,MH1;MH2;MHZ,,,usable_integrity
3,levent-05403,natural_impact,S16,MH1;MH2;MHZ,MH1;MH2;MHZ,,,usable_integrity
3,levent-05443,natural_impact,S15,MH1;MH2;MHZ,MH1;MH2;MHZ,,,usable_integrity
3,levent-05443,natural_impact,S16,MH1;MH2;MHZ,MH1;MH2;MHZ,,,usable_integrity
3,levent-05474,deep_moonquake_assigned,S16,MH1,MH1,,,usable_integrity
3,levent-05476,deep_moonquake_assigned,S15,MH1;MH2;MHZ;SHZ,MH1;MH2;MHZ;SHZ,,,usable_integrity
3,levent-05481,artificial_impact_sivb,S15,MH1;MH2;MHZ;SHZ,MH1;MH2;MHZ;SHZ,,,usable_integrity
3,levent-05481,artificial_impact_sivb,S16,MH1;MH2;MHZ;SHZ,MH1;MH2;MHZ;SHZ,,,usable_integrity
3,levent-05496,deep_moonquake_assigned,S16,MH1;MH2;MHZ,MH1;MH2;MHZ,,,usable_integrity
3,levent-05506,artificial_impact_lm,S15,MH1;MH2;MHZ;SHZ,MH1;MH2;MHZ;SHZ,,,usable_integrity
3,levent-05506,artificial_impact_lm,S16,MH1;MH2;MHZ;SHZ,MH1;MH2;MHZ;SHZ,,,usable_integrity
3,levent-05537,deep_moonquake_assigned,S15,MH1;MH2;MHZ,MH1;MH2;MHZ,,,usable_integrity
3,levent-05537,deep_moonquake_assigned,S16,MH1;MH2;MHZ,MH1;MH2;MHZ,,,usable_integrity
3,levent-05541,deep_moonquake_assigned,S15,MH1;MH2;MHZ;SHZ,MH1;MH2;MHZ;SHZ,,,usable_integrity
3,levent-05541,deep_moonquake_assigned,S16,MH1;MH2;MHZ;SHZ,MH1;MH2;MHZ;SHZ,,,usable_integrity
3,levent-05555,deep_moonquake_assigned,S15,MH1;MH2;SHZ,MH1;MH2;SHZ,,,usable_integrity
3,levent-05555,deep_moonquake_assigned,S16,MH1;MH2,MH1;MH2,,,usable_integrity
3,levent-05566,deep_moonquake_assigned,S15,MH1;MH2,MH1;MH2,,,usable_integrity
3,levent-05566,deep_moonquake_assigned,S16,MH1;MH2;MHZ,MH1;MH2;MHZ,,,usable_integrity
3,levent-05570,deep_moonquake_assigned,S15,MH1;MH2,MH1;MH2,,,usable_integrity
3,levent-05619,deep_moonquake_assigned,S15,MH1;MH2,MH1;MH2,,,usable_integrity
3,levent-05619,deep_moonquake_assigned,S16,MH1;MH2;MHZ,MH1;MH2;MHZ,,,usable_integrity
3,levent-05639,deep_moonquake_assigned,S15,MH1;MH2;MHZ,MH1;MH2;MHZ,,,usable_integrity
3,levent-05639,deep_moonquake_assigned,S16,MH1;MH2;MHZ,MH1;MH2;MHZ,,,usable_integrity
3,levent-05643,deep_moonquake_assigned,S16,MH1;MH2;MHZ,MH1;MH2;MHZ,,,usable_integrity
3,levent-05660,deep_moonquake_assigned,S16,MH1;MH2;MHZ,MH1;MH2;MHZ,,,usable_integrity
3,levent-05669,deep_moonquake_assigned,S15,MH1;MH2;MHZ,MH1;MH2;MHZ,,,usable_integrity
3,levent-05669,deep_moonquake_assigned,S16,MH1;MH2;MHZ;SHZ,MH1;MH2;MHZ;SHZ,,,usable_integrity
3,levent-05670,deep_moonquake_assigned,S16,MH1;MH2,MH1;MH2,,,usable_integrity
3,levent-05697,deep_moonquake_assigned,S16,MH1;MH2;MHZ,MH1;MH2;MHZ,,,usable_integrity
3,levent-05710,deep_moonquake_assigned,S16,MH1;MH2;MHZ,MH1;MH2;MHZ,,,usable_integrity
3,levent-05756,natural_impact,S15,MH1;MH2;MHZ,MH1;MH2;MHZ,,,usable_integrity
3,levent-05756,natural_impact,S16,MH1;MH2;MHZ;SHZ,MH1;MH2;MHZ;SHZ,,,usable_integrity
3,levent-05757,natural_impact,S16,MH1;MH2;MHZ;SHZ,MH1;MH2;MHZ;SHZ,,,usable_integrity
3,levent-05764,deep_moonquake_assigned,S16,MH1;MH2;MHZ,MH1;MH2;MHZ,,,usable_integrity
3,levent-05818,natural_impact,S15,MH1;MH2,MH1;MH2,,,usable_integrity
3,levent-05818,natural_impact,S16,MH1;MH2;MHZ,MH1;MH2;MHZ,,,usable_integrity
3,levent-05828,deep_moonquake_assigned,S15,MH1;MHZ;SHZ,,,MH1;MHZ;SHZ,reject_integrity
3,levent-05830,deep_moonquake_assigned,S16,MH1,MH1,,,usable_integrity
3,levent-05833,natural_impact,S15,MH1;MH2,MH1;MH2,,,usable_integrity
3,levent-05833,natural_impact,S16,MH1,MH1,,,usable_integrity
3,levent-05853,natural_impact,S15,MH1;MH2;MHZ;SHZ,MH1;MH2;MHZ;SHZ,,,usable_integrity
3,levent-05860,deep_moonquake_assigned,S15,MH1;MH2;MHZ,MH1;MH2;MHZ,,,usable_integrity
3,levent-05860,deep_moonquake_assigned,S16,MH1,MH1,,,usable_integrity
3,levent-05862,deep_moonquake_assigned,S15,MH1;MH2,MH1;MH2,,,usable_integrity
3,levent-05862,deep_moonquake_assigned,S16,MH1,MH1,,,usable_integrity
3,levent-05888,deep_moonquake_assigned,S16,MH1;MH2;MHZ;SHZ,MH1;MH2;MHZ;SHZ,,,usable_integrity
3,levent-05894,natural_impact,S15,MH1;MH2,MH1;MH2,,,usable_integrity
3,levent-05894,natural_impact,S16,MH1;MH2;MHZ;SHZ,MH1;MH2;MHZ;SHZ,,,usable_integrity
3,levent-05926,natural_impact,S15,MH1;MH2;MHZ;SHZ,MH1;MH2;MHZ;SHZ,,,usable_integrity
3,levent-05949,natural_impact,S15,MH1;MH2;MHZ,MH1;MH2;MHZ,,,usable_integrity
3,levent-06010,deep_moonquake_assigned,S16,MH1;MH2;MHZ,MH1;MH2;MHZ,,,usable_integrity
3,levent-06027,deep_moonquake_assigned,S15,MH1;MH2,MH1;MH2,,,usable_integrity
3,levent-06027,deep_moonquake_assigned,S16,MH1;MHZ,MH1;MHZ,,,usable_integrity
3,levent-06033,natural_impact,S15,MH1;MH2;MHZ,MH1;MH2;MHZ,,,usable_integrity
3,levent-06033,natural_impact,S16,MH1;MHZ,MH1;MHZ,,,usable_integrity
3,levent-06039,deep_moonquake_assigned,S15,MH2,MH2,,,usable_integrity
3,levent-06039,deep_moonquake_assigned,S16,MH1;MHZ;SHZ,MH1;MHZ;SHZ,,,usable_integrity
3,levent-06048,natural_impact,S15,MH1;MH2;MHZ,,MH1;MH2;MHZ,,questionable_integrity
3,levent-06048,natural_impact,S16,MH1;MH2;MHZ,,,MH1;MH2;MHZ,reject_integrity
3,levent-06052,natural_impact,S15,MH1;MH2;SHZ,MH1;MH2;SHZ,,,usable_integrity
3,levent-06072,natural_impact,S15,MH2,MH2,,,usable_integrity
3,levent-06072,natural_impact,S16,MH1;MH2;MHZ;SHZ,MH1;MH2;MHZ;SHZ,,,usable_integrity
3,levent-06100,natural_impact,S15,MH1;MH2,MH1;MH2,,,usable_integrity
3,levent-06129,natural_impact,S15,MH1;MH2;MHZ;SHZ,MH1;MH2;MHZ;SHZ,,,usable_integrity
3,levent-06137,natural_impact,S15,MH2;MHZ;SHZ,MH2;MHZ;SHZ,,,usable_integrity
3,levent-06168,natural_impact,S15,MH1;MH2;MHZ,MH1;MH2;MHZ,,,usable_integrity
3,levent-06181,deep_moonquake_assigned,S15,MH1;MHZ,,,MH1;MHZ,reject_integrity
3,levent-06217,natural_impact,S15,MH1;MH2;MHZ;SHZ,MH1;MH2;MHZ;SHZ,,,usable_integrity
3,levent-06236,deep_moonquake_assigned,S15,MH1;MH2,MH1;MH2,,,usable_integrity
3,levent-06252,natural_impact,S15,MH1;MH2;SHZ,MH1;MH2;SHZ,,,usable_integrity
3,levent-06297,natural_impact,S15,MH1;MH2;MHZ;SHZ,MH1;MH2;MHZ;SHZ,,,usable_integrity
3,levent-06316,natural_impact,S15,MH1;MH2,MH1;MH2,,,usable_integrity
3,levent-06343,deep_moonquake_assigned,S15,MH2,MH2,,,usable_integrity
3,levent-06357,deep_moonquake_assigned,S15,MH2,MH2,,,usable_integrity
3,levent-06363,natural_impact,S15,MH1;MH2,MH1;MH2,,,usable_integrity
3,levent-06451,natural_impact,S15,MH1;MH2;MHZ,MH1;MH2;MHZ,,,usable_integrity
3,levent-06472,natural_impact,S15,MH1;MH2,MH1;MH2,,,usable_integrity
3,levent-06473,deep_moonquake_assigned,S15,MH1;MH2,MH1;MH2,,,usable_integrity
3,levent-06515,deep_moonquake_assigned,S15,MH1;MH2,MH1;MH2,,,usable_integrity
3,levent-06522,natural_impact,S15,MH1;MH2,MH1;MH2,,,usable_integrity
3,levent-06554,deep_moonquake_assigned,S15,MH1;MH2;MHZ,,,MH1;MH2;MHZ,reject_integrity
3,levent-06612,deep_moonquake_assigned,S15,MH1;MH2;MHZ,MH1;MH2;MHZ,,,usable_integrity
3,levent-06620,natural_impact,S15,MH1;MH2;MHZ,MH1;MH2;MHZ,,,usable_integrity
3,levent-06623,deep_moonquake_assigned,S15,MH1;MHZ,MH1;MHZ,,,usable_integrity
3,levent-06640,deep_moonquake_assigned,S15,MH1;MH2;MHZ,MH1;MH2;MHZ,,,usable_integrity
3,levent-06641,deep_moonquake_assigned,S15,MH2,MH2,,,usable_integrity
3,levent-06662,natural_impact,S15,MH1;MH2;MHZ,MH1;MH2;MHZ,,,usable_integrity
3,levent-06664,natural_impact,S15,MH1;MH2;MHZ,MH1;MH2;MHZ,,,usable_integrity
3,levent-06714,deep_moonquake_assigned,S15,MH2,MH2,,,usable_integrity
3,levent-06731,deep_moonquake_assigned,S15,MH1;MH2;MHZ,MH1;MH2;MHZ,,,usable_integrity
3,levent-06735,natural_impact,S15,MH1;MH2;SHZ,MH1;MH2;SHZ,,,usable_integrity
3,levent-06769,deep_moonquake_assigned,S15,MH1;MH2;MHZ,MH1;MH2;MHZ,,,usable_integrity
3,levent-06770,deep_moonquake_assigned,S15,MH2,MH2,,,usable_integrity
3,levent-06780,natural_impact,S15,MH1;MH2;MHZ;SHZ,MH1;MH2;MHZ;SHZ,,,usable_integrity
3,levent-06785,deep_moonquake_assigned,S15,MH1;MH2,MH1;MH2,,,usable_integrity
3,levent-06797,natural_impact,S15,MH1;MH2;MHZ;SHZ,MH1;MH2;MHZ;SHZ,,,usable_integrity
3,levent-06803,natural_impact,S15,MH1;MH2;SHZ,MH1;MH2;SHZ,,,usable_integrity
3,levent-06818,natural_impact,S15,MH2,MH2,,,usable_integrity
3,levent-06840,deep_moonquake_assigned,S15,MH2,MH2,,,usable_integrity
3,levent-06858,natural_impact,S15,MH1;MH2;MHZ,MH1;MH2;MHZ,,,usable_integrity
3,levent-06864,deep_moonquake_assigned,S15,MH1;MH2;MHZ,MH1;MH2;MHZ,,,usable_integrity
3,levent-06865,natural_impact,S15,MH1;MH2;MHZ;SHZ,MH1;MH2;MHZ;SHZ,,,usable_integrity
3,levent-06869,natural_impact,S15,MH1;MH2;MHZ;SHZ,MH1;MH2;MHZ;SHZ,,,usable_integrity
3,levent-06879,deep_moonquake_assigned,S15,MH2;MHZ,MH2;MHZ,,,usable_integrity
3,levent-06910,natural_impact,S15,MH1;MH2;MHZ,MH1;MH2;MHZ,,,usable_integrity
3,levent-06913,deep_moonquake_assigned,S15,MH1;MH2,MH1;MH2,,,usable_integrity
3,levent-06922,deep_moonquake_assigned,S15,MH1;MH2,MH1;MH2,,,usable_integrity
3,levent-06923,natural_impact,S15,MH1;MH2,MH1;MH2,,,usable_integrity
3,levent-06938,natural_impact,S15,MH2,MH2,,,usable_integrity
3,levent-06947,deep_moonquake_assigned,S15,MH1;MH2,MH1;MH2,,,usable_integrity
3,levent-06952,natural_impact,S15,MH1;MH2;MHZ;SHZ,MH1;MH2;MHZ;SHZ,,,usable_integrity
3,levent-07022,natural_impact,S15,MH1;MH2;SHZ,MH1;MH2;SHZ,,,usable_integrity
3,levent-07027,natural_impact,S15,MH1;MH2,MH1;MH2,,,usable_integrity
3,levent-07073,natural_impact,S15,MH1;MH2;MHZ,MH1;MH2;MHZ,,,usable_integrity
3,levent-07075,deep_moonquake_assigned,S15,MH1;MH2;MHZ,MH1;MH2;MHZ,,,usable_integrity
3,levent-07086,natural_impact,S15,MH1;MH2;MHZ,MH1;MH2;MHZ,,,usable_integrity
3,levent-07087,natural_impact,S15,MH1;MH2,MH1;MH2,,,usable_integrity
3,levent-07095,deep_moonquake_assigned,S15,MH1;MH2;MHZ,MH1;MH2;MHZ,,,usable_integrity
3,levent-07117,natural_impact,S15,MH1;MH2;MHZ,MH1;MH2;MHZ,,,usable_integrity
3,levent-07187,natural_impact,S15,MH1;MH2;MHZ,MH1;MH2;MHZ,,,usable_integrity
3,levent-07236,deep_moonquake_assigned,S15,MH1;MH2;MHZ,MH1;MH2;MHZ,,,usable_integrity
3,levent-07257,natural_impact,S15,MH1;MH2;MHZ,MH1;MH2;MHZ,,,usable_integrity
3,levent-07264,natural_impact,S15,MH1;MH2;MHZ,MH1;MH2;MHZ,,,usable_integrity
3,levent-07272,natural_impact,S15,MH1;MH2;MHZ;SHZ,MH1;MH2;MHZ;SHZ,,,usable_integrity
3,levent-07277,deep_moonquake_assigned,S15,MH1;MH2;MHZ,MH1;MH2;MHZ,,,usable_integrity
3,levent-07279,deep_moonquake_assigned,S15,MH1;MH2;MHZ,MH1;MH2;MHZ,,,usable_integrity
3,levent-07287,natural_impact,S15,MH1;MH2;MHZ,MH1;MH2;MHZ,,,usable_integrity
3,levent-07348,natural_impact,S15,MH1;MH2;MHZ;SHZ,MH1;MH2;MHZ;SHZ,,,usable_integrity
3,levent-07351,deep_moonquake_assigned,S15,MH1;MH2;MHZ,MH1;MH2;MHZ,,,usable_integrity
3,levent-07407,deep_moonquake_assigned,S15,MH1;MH2;MHZ,MH1;MH2;MHZ,,,usable_integrity
3,levent-07417,deep_moonquake_assigned,S15,MH2,MH2,,,usable_integrity
3,levent-07429,natural_impact,S15,MH1;MH2,MH1;MH2,,,usable_integrity
3,levent-07474,deep_moonquake_assigned,S15,MH1;MH2;MHZ;SHZ,,,MH1;MH2;MHZ;SHZ,reject_integrity
3,levent-07480,natural_impact,S15,MH1;MH2;MHZ,MH1;MH2;MHZ,,,usable_integrity
3,levent-07484,natural_impact,S15,MH1;MH2;MHZ,MH1;MH2;MHZ,,,usable_integrity
3,levent-07487,deep_moonquake_assigned,S15,MH1;MH2,MH1;MH2,,,usable_integrity
3,levent-07532,natural_impact,S15,MH1;MH2;MHZ;SHZ,,MH1;MH2;MHZ;SHZ,,questionable_integrity
3,levent-07546,natural_impact,S15,MH1;MH2,MH1;MH2,,,usable_integrity
3,levent-07556,deep_moonquake_assigned,S15,MH2,MH2,,,usable_integrity
3,levent-07562,natural_impact,S15,MH1;MH2;MHZ;SHZ,MH1;MH2;MHZ;SHZ,,,usable_integrity
3,levent-07575,natural_impact,S15,MH1;MH2;MHZ,MH1;MH2;MHZ,,,usable_integrity
3,levent-07637,natural_impact,S15,MH1;MH2;MHZ;SHZ,MH1;MH2;MHZ;SHZ,,,usable_integrity
3,levent-07648,natural_impact,S15,MH1;MH2;MHZ;SHZ,MH1;MH2;MHZ;SHZ,,,usable_integrity
3,levent-07652,natural_impact,S15,MH1;MH2;MHZ,MH1;MH2;MHZ,,,usable_integrity
3,levent-07734,natural_impact,S15,MH1;MH2;SHZ,MH1;MH2;SHZ,,,usable_integrity
3,levent-07744,natural_impact,S15,MH1;MH2;MHZ,MH1;MH2;MHZ,,,usable_integrity
3,levent-07759,deep_moonquake_assigned,S15,MH1;MH2;MHZ,MH1;MH2;MHZ,,,usable_integrity
3,levent-07761,deep_moonquake_assigned,S15,MH1;MH2;MHZ,MH1;MH2;MHZ,,,usable_integrity
3,levent-07768,natural_impact,S15,MH1;MH2;MHZ,MH1;MH2;MHZ,,,usable_integrity
3,levent-07883,natural_impact,S15,MH1;MH2;MHZ,MH1;MH2;MHZ,,,usable_integrity
3,levent-07890,natural_impact,S15,MH1;MH2,MH1;MH2,,,usable_integrity
3,levent-07906,deep_moonquake_assigned,S15,MH1;MH2;MHZ,MH1;MH2;MHZ,,,usable_integrity
3,levent-07907,natural_impact,S15,MH1;MH2;MHZ,MH1;MH2;MHZ,,,usable_integrity
3,levent-07909,deep_moonquake_assigned,S15,MH1;MH2;MHZ,MH1;MH2;MHZ,,,usable_integrity
3,levent-07922,deep_moonquake_assigned,S15,MH1;MH2;MHZ,MH1;MH2;MHZ,,,usable_integrity
3,levent-07944,deep_moonquake_assigned,S15,MH2;MHZ,MH2;MHZ,,,usable_integrity
3,levent-07965,natural_impact,S15,MH1;MH2;MHZ,MH1;MH2;MHZ,,,usable_integrity
3,levent-07982,natural_impact,S15,MH1;MH2;MHZ,MH1;MH2;MHZ,,,usable_integrity
3,levent-07998,deep_moonquake_assigned,S15,MH1;MH2;MHZ,MH1;MH2;MHZ,,,usable_integrity
3,levent-08007,deep_moonquake_assigned,S15,MH1;MH2,MH1;MH2,,,usable_integrity
3,levent-08014,natural_impact,S15,MH1;MH2;MHZ,MH1;MH2;MHZ,,,usable_integrity
3,levent-08016,deep_moonquake_assigned,S15,MH1;MH2;MHZ,MH1;MH2;MHZ,,,usable_integrity
3,levent-08019,natural_impact,S15,MH1;MH2;MHZ;SHZ,MH1;MH2;MHZ;SHZ,,,usable_integrity
3,levent-08021,natural_impact,S15,MH2,MH2,,,usable_integrity
3,levent-08025,deep_moonquake_assigned,S15,MH1;MH2;MHZ,MH1;MH2;MHZ,,,usable_integrity
3,levent-08042,natural_impact,S15,MH1;MH2;MHZ,MH1;MH2;MHZ,,,usable_integrity
3,levent-08092,deep_moonquake_assigned,S15,MH1;MH2;MHZ,MH1;MH2;MHZ,,,usable_integrity
3,levent-08093,deep_moonquake_assigned,S15,MH1;MH2;MHZ;SHZ,MH1;MH2;MHZ;SHZ,,,usable_integrity
3,levent-08125,deep_moonquake_assigned,S15,MH1;MH2;MHZ,MH1;MH2;MHZ,,,usable_integrity
3,levent-08132,natural_impact,S15,MH1;MH2;MHZ;SHZ,MH1;MH2;MHZ,SHZ,,usable_integrity
3,levent-08143,deep_moonquake_assigned,S15,MH1;MH2,MH1;MH2,,,usable_integrity
3,levent-08155,natural_impact,S15,MH1;MH2;MHZ,MH1;MH2;MHZ,,,usable_integrity
3,levent-08156,natural_impact,S15,MH2,MH2,,,usable_integrity
3,levent-08174,deep_moonquake_assigned,S15,MH1;MH2;MHZ,MH1;MH2;MHZ,,,usable_integrity
3,levent-08180,natural_impact,S15,MH1;MH2;MHZ;SHZ,MH1;MH2;MHZ;SHZ,,,usable_integrity
3,levent-08185,natural_impact,S15,MH1;MH2;MHZ,MH1;MH2;MHZ,,,usable_integrity
3,levent-08187,natural_impact,S15,MH1;MH2;MHZ;SHZ,MH1;MH2;MHZ;SHZ,,,usable_integrity
3,levent-08192,natural_impact,S15,MH1;MH2;MHZ,MH1;MH2;MHZ,,,usable_integrity
3,levent-08199,natural_impact,S15,MH1;MH2;MHZ;SHZ,MH1;MH2;MHZ;SHZ,,,usable_integrity
3,levent-08206,natural_impact,S15,MH1;MH2,MH1;MH2,,,usable_integrity
3,levent-08243,natural_impact,S15,MH1;MH2;MHZ;SHZ,MH1;MH2;MHZ;SHZ,,,usable_integrity
3,levent-08245,natural_impact,S15,MH2,MH2,,,usable_integrity
3,levent-08247,deep_moonquake_assigned,S15,MH1;MH2,MH1;MH2,,,usable_integrity
3,levent-08253,natural_impact,S15,MH1;MH2,MH1;MH2,,,usable_integrity
3,levent-08257,natural_impact,S15,MH1;MH2;SHZ,MH1;MH2;SHZ,,,usable_integrity
3,levent-08262,natural_impact,S15,MH1;MH2;MHZ,MH1;MH2;MHZ,,,usable_integrity
3,levent-08263,natural_impact,S15,MH1;MH2;MHZ;SHZ,MH1;MH2;MHZ;SHZ,,,usable_integrity
3,levent-08276,deep_moonquake_assigned,S15,MH1;MH2;MHZ,MH1;MH2;MHZ,,,usable_integrity
3,levent-08277,deep_moonquake_assigned,S15,MH1;MH2;MHZ,MH1;MH2;MHZ,,,usable_integrity
3,levent-08279,deep_moonquake_assigned,S15,MH1;MH2;MHZ,MH1;MH2;MHZ,,,usable_integrity
3,levent-08296,natural_impact,S15,MH1;MH2;MHZ,MH1;MH2;MHZ,,,usable_integrity
3,levent-08297,deep_moonquake_assigned,S15,MH1;MH2;MHZ,MH1;MH2;MHZ,,,usable_integrity
3,levent-08306,natural_impact,S15,MH1;MH2;SHZ,MH1;MH2;SHZ,,,usable_integrity
3,levent-08323,natural_impact,S15,MH1;MH2;MHZ,MH1;MH2;MHZ,,,usable_integrity
3,levent-08344,deep_moonquake_assigned,S15,MH2,MH2,,,usable_integrity
3,levent-08347,natural_impact,S15,MH1;MH2;MHZ,MH1;MH2;MHZ,,,usable_integrity
3,levent-08390,natural_impact,S15,MH1;MH2,MH1;MH2,,,usable_integrity
3,levent-08418,deep_moonquake_assigned,S15,MH1;MH2;MHZ,MH1;MH2;MHZ,,,usable_integrity
3,levent-08421,deep_moonquake_assigned,S15,MH1;MH2,MH1;MH2,,,usable_integrity
3,levent-08447,deep_moonquake_assigned,S15,MH1;MH2,MH1;MH2,,,usable_integrity
3,levent-08460,natural_impact,S15,MH2,MH2,,,usable_integrity
3,levent-08527,natural_impact,S15,MH1;MH2;MHZ;SHZ,MH1;MH2;MHZ;SHZ,,,usable_integrity
3,levent-08529,deep_moonquake_assigned,S15,MH1;MH2;MHZ,MH1;MH2;MHZ,,,usable_integrity
3,levent-08545,natural_impact,S15,MH1;MH2;MHZ;SHZ,MH1;MH2;MHZ;SHZ,,,usable_integrity
3,levent-08568,natural_impact,S15,MH1;MH2;MHZ,MH1;MH2;MHZ,,,usable_integrity
3,levent-08588,natural_impact,S15,MH1;MH2;MHZ,MH1;MH2;MHZ,,,usable_integrity
3,levent-08620,natural_impact,S15,MH1;MH2;MHZ;SHZ,MH1;MH2;MHZ;SHZ,,,usable_integrity
3,levent-08621,natural_impact,S15,SHZ,SHZ,,,usable_integrity
3,levent-08627,natural_impact,S15,MH1;MH2;MHZ;SHZ,MH1;MH2;MHZ;SHZ,,,usable_integrity
3,levent-08629,natural_impact,S15,MH1;MH2;SHZ,MH1;MH2;SHZ,,,usable_integrity
3,levent-08675,natural_impact,S15,MH1;MH2;SHZ,MH1;MH2;SHZ,,,usable_integrity
3,levent-08677,natural_impact,S15,MH1;MH2;MHZ;SHZ,MH1;MH2;MHZ;SHZ,,,usable_integrity
3,levent-08690,natural_impact,S15,MH1;MH2;MHZ;SHZ,MH1;MH2;MHZ;SHZ,,,usable_integrity
3,levent-08718,deep_moonquake_assigned,S15,MH2,MH2,,,usable_integrity
3,levent-08732,natural_impact,S15,MH1;MH2;MHZ;SHZ,MH1;MH2;MHZ;SHZ,,,usable_integrity
3,levent-08736,natural_impact,S15,MH1;MH2;MHZ;SHZ,MH1;MH2;MHZ;SHZ,,,usable_integrity
3,levent-08754,natural_impact,S15,MH1;MH2;MHZ;SHZ,MH1;MH2;MHZ;SHZ,,,usable_integrity
3,levent-08755,natural_impact,S15,MH1;MH2;MHZ;SHZ,MH1;MH2;MHZ;SHZ,,,usable_integrity
3,levent-08756,natural_impact,S15,MH1;MH2;MHZ;SHZ,MH1;MH2;MHZ;SHZ,,,usable_integrity
3,levent-08773,natural_impact,S15,MH1;MH2,MH1;MH2,,,usable_integrity
3,levent-08778,deep_moonquake_assigned,S15,MH1;MH2;MHZ,MH1;MH2;MHZ,,,usable_integrity
3,levent-08802,natural_impact,S15,MH1;MH2;MHZ,MH1;MH2;MHZ,,,usable_integrity
3,levent-08806,deep_moonquake_assigned,S15,MH1;MH2,MH1;MH2,,,usable_integrity
3,levent-08827,natural_impact,S15,MH1;MH2;SHZ,MH1;MH2;SHZ,,,usable_integrity
3,levent-08835,natural_impact,S15,MH1;MH2;MHZ;SHZ,MH1;MH2;MHZ;SHZ,,,usable_integrity
3,levent-08841,natural_impact,S15,MH1;MH2;MHZ;SHZ,MH1;MH2;MHZ;SHZ,,,usable_integrity
3,levent-08842,natural_impact,S15,MH1;MH2;MHZ;SHZ,MH1;MH2;MHZ;SHZ,,,usable_integrity
3,levent-08845,natural_impact,S15,MH1;MH2;MHZ;SHZ,MH1;MH2;MHZ;SHZ,,,usable_integrity
3,levent-08879,deep_moonquake_assigned,S15,MH1;MH2,MH1;MH2,,,usable_integrity
3,levent-08884,natural_impact,S15,MH1;MH2;MHZ,MH1;MH2;MHZ,,,usable_integrity
3,levent-08897,deep_moonquake_assigned,S15,MH1;MH2,MH1;MH2,,,usable_integrity
3,levent-08947,natural_impact,S15,MH1;MH2;MHZ;SHZ,MH1;MH2;MHZ;SHZ,,,usable_integrity
3,levent-08958,deep_moonquake_assigned,S15,MH1;MH2,MH1;MH2,,,usable_integrity
3,levent-08979,deep_moonquake_assigned,S15,MH1;MH2,MH1;MH2,,,usable_integrity
3,levent-08987,natural_impact,S15,MH1;MH2;MHZ,MH1;MH2;MHZ,,,usable_integrity
3,levent-08993,deep_moonquake_assigned,S15,MH1;MH2;MHZ,MH1;MH2;MHZ,,,usable_integrity
3,levent-08998,natural_impact,S15,MH1;MH2;MHZ,MH1;MH2;MHZ,,,usable_integrity
3,levent-09008,natural_impact,S15,MH1;MH2,MH1;MH2,,,usable_integrity
3,levent-09023,deep_moonquake_assigned,S15,MH2,MH2,,,usable_integrity
3,levent-09025,deep_moonquake_assigned,S15,MH1;MH2;MHZ,MH1;MH2;MHZ,,,usable_integrity
3,levent-09069,natural_impact,S15,MH1;MH2;MHZ;SHZ,MH1;MH2;MHZ;SHZ,,,usable_integrity
3,levent-09075,natural_impact,S15,MH1;MH2;MHZ;SHZ,MH1;MH2;MHZ;SHZ,,,usable_integrity
3,levent-09081,deep_moonquake_assigned,S15,MH2,MH2,,,usable_integrity
3,levent-09095,deep_moonquake_assigned,S15,MH1;MH2;MHZ,MH1;MH2;MHZ,,,usable_integrity
3,levent-09101,natural_impact,S15,MH1;MH2;MHZ,MH1;MH2;MHZ,,,usable_integrity
3,levent-09121,natural_impact,S15,MH1;MH2;MHZ,MH1;MH2;MHZ,,,usable_integrity
3,levent-09124,natural_impact,S15,MH1;MH2;MHZ,MH1;MH2;MHZ,,,usable_integrity
3,levent-09127,deep_moonquake_assigned,S15,MH1;MH2;MHZ,MH1;MH2;MHZ,,,usable_integrity
3,levent-09129,deep_moonquake_assigned,S15,MH1;MH2;MHZ,MH1;MH2;MHZ,,,usable_integrity
3,levent-09130,deep_moonquake_assigned,S15,MH1;MH2,MH1;MH2,,,usable_integrity
3,levent-09138,natural_impact,S15,MH1;MH2,MH1;MH2,,,usable_integrity
3,levent-09148,natural_impact,S15,MH1;MH2;MHZ,MH1;MH2;MHZ,,,usable_integrity
3,levent-09154,natural_impact,S15,MH1;MH2;MHZ,MH1;MH2;MHZ,,,usable_integrity
3,levent-09156,deep_moonquake_assigned,S15,MH2,MH2,,,usable_integrity
3,levent-09169,natural_impact,S15,MH1;MH2;MHZ;SHZ,MH1;MH2;MHZ;SHZ,,,usable_integrity
3,levent-09172,natural_impact,S15,MH1;MH2;MHZ;SHZ,MH1;MH2;MHZ;SHZ,,,usable_integrity
3,levent-09193,natural_impact,S15,MH1;MH2;MHZ,MH1;MH2;MHZ,,,usable_integrity
3,levent-09204,deep_moonquake_assigned,S15,MH2,MH2,,,usable_integrity
3,levent-09205,deep_moonquake_assigned,S15,MH1;MH2;MHZ,MH1;MH2;MHZ,,,usable_integrity
3,levent-09215,deep_moonquake_assigned,S15,MH2,MH2,,,usable_integrity
3,levent-09220,natural_impact,S15,MH1;MH2;MHZ;SHZ,MH1;MH2;MHZ;SHZ,,,usable_integrity
3,levent-09224,natural_impact,S15,MH1;MH2;MHZ,MH1;MH2;MHZ,,,usable_integrity
3,levent-09232,deep_moonquake_assigned,S15,MH2,MH2,,,usable_integrity
3,levent-09252,natural_impact,S15,MH2,MH2,,,usable_integrity
3,levent-09269,deep_moonquake_assigned,S15,MH1;MH2;MHZ,MH1;MH2;MHZ,,,usable_integrity
3,levent-09276,deep_moonquake_assigned,S15,MH1;MH2;MHZ,MH1;MH2;MHZ,,,usable_integrity
3,levent-09321,natural_impact,S15,MH1;MH2,MH1;MH2,,,usable_integrity
3,levent-09325,deep_moonquake_assigned,S15,MH1;MH2;MHZ,MH1;MH2;MHZ,,,usable_integrity
3,levent-09332,natural_impact,S15,MH1;MH2;MHZ,MH1;MH2;MHZ,,,usable_integrity
3,levent-09348,natural_impact,S15,MH1;MH2,MH1;MH2,,,usable_integrity
3,levent-09360,natural_impact,S15,MH1;MH2,MH1;MH2,,,usable_integrity
3,levent-09361,natural_impact,S15,MH1;MH2;MHZ;SHZ,MH1;MH2;MHZ;SHZ,,,usable_integrity
3,levent-09368,natural_impact,S15,MH1;MH2;SHZ,MH1;MH2;SHZ,,,usable_integrity
3,levent-09390,natural_impact,S15,MH1;MH2;MHZ,MH1;MH2;MHZ,,,usable_integrity
3,levent-09445,natural_impact,S15,SHZ,SHZ,,,usable_integrity
3,levent-09524,natural_impact,S15,SHZ,SHZ,,,usable_integrity
3,levent-09527,natural_impact,S15,SHZ,SHZ,,,usable_integrity
3,levent-09538,natural_impact,S15,SHZ,SHZ,,,usable_integrity
3,levent-09539,natural_impact,S15,SHZ,SHZ,,,usable_integrity
3,levent-09545,natural_impact,S15,SHZ,SHZ,,,usable_integrity
3,levent-09589,natural_impact,S15,SHZ,SHZ,,,usable_integrity
3,levent-09599,deep_moonquake_assigned,S15,SHZ,SHZ,,,usable_integrity
3,levent-09694,deep_moonquake_assigned,S15,SHZ,SHZ,,,usable_integrity
3,levent-09725,natural_impact,S15,SHZ,SHZ,,,usable_integrity
3,levent-09775,deep_moonquake_assigned,S15,SHZ,SHZ,,,usable_integrity
3,levent-09804,natural_impact,S15,SHZ,SHZ,,,usable_integrity
3,levent-09888,natural_impact,S15,SHZ,SHZ,,,usable_integrity
3,levent-10013,natural_impact,S15,SHZ,SHZ,,,usable_integrity
3,levent-10026,natural_impact,S15,SHZ,SHZ,,,usable_integrity
3,levent-10033,natural_impact,S15,SHZ,SHZ,,,usable_integrity
3,levent-10039,natural_impact,S15,SHZ,SHZ,,,usable_integrity
3,levent-10245,deep_moonquake_assigned,S15,SHZ,SHZ,,,usable_integrity
3,levent-10271,natural_impact,S15,SHZ,SHZ,,,usable_integrity
3,levent-10314,deep_moonquake_assigned,S15,SHZ,SHZ,,,usable_integrity
3,levent-10378,natural_impact,S15,SHZ,SHZ,,,usable_integrity
3,levent-10416,natural_impact,S15,SHZ,SHZ,,,usable_integrity
3,levent-10466,natural_impact,S15,SHZ,SHZ,,,usable_integrity
3,levent-10501,natural_impact,S15,SHZ,SHZ,,,usable_integrity
3,levent-10528,natural_impact,S15,SHZ,SHZ,,,usable_integrity
3,levent-10552,natural_impact,S15,SHZ,SHZ,,,usable_integrity
3,levent-10579,deep_moonquake_assigned,S15,SHZ,SHZ,,,usable_integrity
3,levent-10588,deep_moonquake_assigned,S15,SHZ,SHZ,,,usable_integrity
3,levent-10592,deep_moonquake_assigned,S15,SHZ,SHZ,,,usable_integrity
3,levent-10650,natural_impact,S15,SHZ,SHZ,,,usable_integrity
3,levent-10710,natural_impact,S15,SHZ,SHZ,,,usable_integrity
3,levent-10725,deep_moonquake_assigned,S15,SHZ,SHZ,,,usable_integrity
3,levent-10729,deep_moonquake_assigned,S15,SHZ,SHZ,,,usable_integrity
3,levent-10739,deep_moonquake_assigned,S15,SHZ,SHZ,,,usable_integrity
3,levent-10740,natural_impact,S15,SHZ,SHZ,,,usable_integrity
3,levent-10744,natural_impact,S15,SHZ,SHZ,,,usable_integrity
3,levent-10854,natural_impact,S15,SHZ,SHZ,,,usable_integrity
3,levent-10867,deep_moonquake_assigned,S15,SHZ,SHZ,,,usable_integrity
3,levent-10869,deep_moonquake_assigned,S15,SHZ,SHZ,,,usable_integrity
3,levent-10888,natural_impact,S15,SHZ,SHZ,,,usable_integrity
3,levent-10910,natural_impact,S15,SHZ,SHZ,,,usable_integrity
3,levent-10966,deep_moonquake_assigned,S15,SHZ,SHZ,,,usable_integrity
3,levent-11031,natural_impact,S15,SHZ,SHZ,,,usable_integrity
3,levent-11042,natural_impact,S15,SHZ,SHZ,,,usable_integrity
3,levent-11084,natural_impact,S15,SHZ,SHZ,,,usable_integrity
3,levent-11346,natural_impact,S15,SHZ,SHZ,,,usable_integrity
3,levent-11449,natural_impact,S15,SHZ,SHZ,,,usable_integrity
3,levent-11500,deep_moonquake_assigned,S15,SHZ,SHZ,,,usable_integrity
3,levent-11519,deep_moonquake_assigned,S15,SHZ,SHZ,,,usable_integrity
3,levent-11851,deep_moonquake_assigned,S15,SHZ,SHZ,,,usable_integrity
3,levent-11861,deep_moonquake_assigned,S15,SHZ,SHZ,,,usable_integrity
3,levent-11899,natural_impact,S15,SHZ,SHZ,,,usable_integrity
3,levent-11922,natural_impact,S15,SHZ,SHZ,,,usable_integrity
3,levent-11998,deep_moonquake_assigned,S15,MH1;MH2;MHZ,MH1;MH2;MHZ,,,usable_integrity
3,levent-12004,deep_moonquake_assigned,S15,MH1;MH2;MHZ,MH1;MH2;MHZ,,,usable_integrity
3,levent-12011,deep_moonquake_unclassified,S15,MH1;MH2;MHZ,MH1;MH2;MHZ,,,usable_integrity
3,levent-12019,deep_moonquake_assigned,S15,MH1;MH2;MHZ,MH1;MH2;MHZ,,,usable_integrity
3,levent-12023,deep_moonquake_assigned,S15,MH2,MH2,,,usable_integrity
3,levent-12048,natural_impact,S15,MH1;MH2;MHZ,MH1;MH2;MHZ,,,usable_integrity
3,levent-12067,deep_moonquake_assigned,S15,MH2,MH2,,,usable_integrity
3,levent-12072,deep_moonquake_assigned,S15,MH1;MH2;MHZ,MH1;MH2;MHZ,,,usable_integrity
3,levent-12076,deep_moonquake_assigned,S15,MH1;MH2,MH1;MH2,,,usable_integrity
3,levent-12080,natural_impact,S15,MH1;MH2;MHZ;SHZ,MH1;MH2;MHZ;SHZ,,,usable_integrity
3,levent-12086,natural_impact,S15,MH1;MH2;MHZ;SHZ,MH1;MH2;MHZ;SHZ,,,usable_integrity
3,levent-12095,natural_impact,S15,MH1;MH2;MHZ;SHZ,MH1;MH2;MHZ;SHZ,,,usable_integrity
3,levent-12106,deep_moonquake_assigned,S15,MH1;MH2,MH1;MH2,,,usable_integrity
3,levent-12122,natural_impact,S15,MH1;MH2;SHZ,MH1;MH2;SHZ,,,usable_integrity
3,levent-12176,deep_moonquake_assigned,S15,MH1;MH2;MHZ,MH1;MH2;MHZ,,,usable_integrity
3,levent-12272,deep_moonquake_assigned,S15,MH2;MHZ,MH2;MHZ,,,usable_integrity
3,levent-12275,natural_impact,S15,MH1;MH2,MH1;MH2,,,usable_integrity
3,levent-12294,natural_impact,S15,MH1;MH2;MHZ;SHZ,MH1;MH2;MHZ;SHZ,,,usable_integrity
3,levent-12300,deep_moonquake_assigned,S15,MH1;MH2,MH1;MH2,,,usable_integrity
3,levent-12301,deep_moonquake_assigned,S15,MH1;MH2,MH1;MH2,,,usable_integrity
3,levent-12304,deep_moonquake_assigned,S15,MH1;MH2;MHZ,MH1;MH2;MHZ,,,usable_integrity
3,levent-12305,deep_moonquake_assigned,S15,MH1;MH2;MHZ,MH1;MH2;MHZ,,,usable_integrity
3,levent-12312,deep_moonquake_assigned,S15,MH1;MH2;MHZ,MH1;MH2;MHZ,,,usable_integrity
3,levent-12317,deep_moonquake_assigned,S15,SHZ,SHZ,,,usable_integrity
3,levent-12331,deep_moonquake_assigned,S15,MH1;MH2;MHZ,MH1;MH2;MHZ,,,usable_integrity
3,levent-12338,deep_moonquake_assigned,S15,MH2,MH2,,,usable_integrity
3,levent-12350,deep_moonquake_assigned,S15,MH2,MH2,,,usable_integrity
3,levent-12369,deep_moonquake_assigned,S15,MH1;MH2,MH1;MH2,,,usable_integrity
3,levent-12388,deep_moonquake_assigned,S15,MH1;MH2;MHZ,MH1;MH2;MHZ,,,usable_integrity
3,levent-12392,deep_moonquake_assigned,S15,MH1;MH2;MHZ,MH1;MH2;MHZ,,,usable_integrity
3,levent-12394,natural_impact,S15,MH1;MH2;SHZ,MH1;MH2;SHZ,,,usable_integrity
3,levent-12431,natural_impact,S15,MH1;MH2;MHZ,MH1;MH2;MHZ,,,usable_integrity
3,levent-12436,deep_moonquake_assigned,S15,MH1;MH2,MH1;MH2,,,usable_integrity
3,levent-12441,deep_moonquake_assigned,S15,MH1;MH2;MHZ,MH1;MH2;MHZ,,,usable_integrity
3,levent-12476,deep_moonquake_assigned,S15,MH1;MH2;MHZ,MH1;MH2;MHZ,,,usable_integrity
3,levent-12478,natural_impact,S15,MH1;MH2;MHZ,MH1;MH2;MHZ,,,usable_integrity
3,levent-12483,deep_moonquake_assigned,S15,MH1;MH2;MHZ,MH1;MH2;MHZ,,,usable_integrity
3,levent-12493,deep_moonquake_assigned,S15,MH1;MH2;MHZ,MH1;MH2;MHZ,,,usable_integrity
3,levent-12496,deep_moonquake_assigned,S15,MH2,MH2,,,usable_integrity
3,levent-12502,deep_moonquake_assigned,S15,SHZ,SHZ,,,usable_integrity
3,levent-12508,deep_moonquake_assigned,S15,MH1;MH2;MHZ,MH1;MH2;MHZ,,,usable_integrity
3,levent-12536,deep_moonquake_assigned,S15,MH1;MH2;MHZ,MH1;MH2;MHZ,,,usable_integrity
3,levent-12537,deep_moonquake_assigned,S15,MH2,MH2,,,usable_integrity
3,levent-12539,natural_impact,S15,MH1;MH2;MHZ;SHZ,MH1;MH2;MHZ;SHZ,,,usable_integrity
3,levent-12550,deep_moonquake_assigned,S15,MH1;MH2;MHZ,MH1;MH2;MHZ,,,usable_integrity
3,levent-12559,deep_moonquake_assigned,S15,MH1;MH2;MHZ,MH1;MH2;MHZ,,,usable_integrity
3,levent-12575,deep_moonquake_assigned,S15,MH1;MH2;MHZ;SHZ,MH1;MH2;MHZ;SHZ,,,usable_integrity
3,levent-12606,natural_impact,S15,SHZ,SHZ,,,usable_integrity
3,levent-12611,natural_impact,S15,MH1;MH2;MHZ,MH1;MH2;MHZ,,,usable_integrity
3,levent-12649,natural_impact,S15,MH1;MH2,MH1;MH2,,,usable_integrity
3,levent-12652,deep_moonquake_assigned,S15,MH1;MH2;MHZ,MH1;MH2;MHZ,,,usable_integrity
3,levent-12653,deep_moonquake_assigned,S15,MH1;MH2;MHZ,MH1;MH2;MHZ,,,usable_integrity
3,levent-12658,deep_moonquake_assigned,S15,MH1;MH2,MH1;MH2,,,usable_integrity
3,levent-12673,deep_moonquake_assigned,S15,MH1;MH2;MHZ,MH1;MH2;MHZ,,,usable_integrity
3,levent-12678,natural_impact,S15,MH1;MH2,MH1;MH2,,,usable_integrity
3,levent-12706,deep_moonquake_assigned,S15,MH2,MH2,,,usable_integrity
3,levent-12727,deep_moonquake_assigned,S15,MH1;MH2;MHZ;SHZ,MH1;MH2;MHZ;SHZ,,,usable_integrity
3,levent-12738,deep_moonquake_assigned,S15,MH1;MH2,MH1;MH2,,,usable_integrity
3,levent-12783,natural_impact,S15,MH1;MH2;MHZ;SHZ,MH1;MH2;MHZ;SHZ,,,usable_integrity
3,levent-12784,natural_impact,S15,MH1;MH2;MHZ,MH1;MH2;MHZ,,,usable_integrity
3,levent-12793,deep_moonquake_assigned,S15,MH1;MH2;MHZ;SHZ,MH1;MH2;MHZ;SHZ,,,usable_integrity
3,levent-12796,natural_impact,S15,MH1;MH2;MHZ;SHZ,MH1;MH2;MHZ;SHZ,,,usable_integrity
3,levent-12797,natural_impact,S15,MH1;MH2;MHZ,MH1;MH2;MHZ,,,usable_integrity
3,levent-12819,deep_moonquake_assigned,S15,MH1;MH2;MHZ,MH1;MH2;MHZ,,,usable_integrity
3,levent-12821,deep_moonquake_assigned,S15,MH1;MH2,MH1;MH2,,,usable_integrity
3,levent-12855,deep_moonquake_assigned,S15,MH1;MH2;MHZ,MH1;MH2;MHZ,,,usable_integrity
3,levent-12874,deep_moonquake_assigned,S15,MH1;MH2,MH1;MH2,,,usable_integrity
3,levent-12908,natural_impact,S15,MH1;MH2;MHZ,MH1;MH2;MHZ,,,usable_integrity
3,levent-12968,deep_moonquake_assigned,S15,MH1;MH2,MH1;MH2,,,usable_integrity
3,levent-12981,deep_moonquake_assigned,S15,MH1;MH2,MH1;MH2,,,usable_integrity
3,levent-12983,deep_moonquake_assigned,S15,MH1;MH2,MH1;MH2,,,usable_integrity
3,levent-12998,deep_moonquake_assigned,S15,MH1;MH2,MH1;MH2,,,usable_integrity
3,levent-13006,natural_impact,S15,MH1;MH2;MHZ,MH1;MH2;MHZ,,,usable_integrity
3,levent-13008,deep_moonquake_assigned,S15,MH1;MH2;MHZ,MH1;MH2;MHZ,,,usable_integrity
3,levent-13018,deep_moonquake_assigned,S15,MH1;MH2;MHZ,MH1;MH2;MHZ,,,usable_integrity
3,levent-13029,natural_impact,S15,MH1;MH2,MH1;MH2,,,usable_integrity
3,levent-13055,natural_impact,S15,MH1;MH2;MHZ,MH1;MH2;MHZ,,,usable_integrity
